anchor_ts_ct,direction,n_variants,variant_list,min_entry_ts_ct,max_entry_ts_ct
2026-05-05 23:04:01 CT,long,5,"v3-armor,v3-canon,v3-min2bar,v3-pctile,v3-trail",23:04:01,23:04:02
2026-05-05 23:08:00 CT,long,5,"v3-armor,v3-canon,v3-min2bar,v3-pctile,v3-trail",23:08:00,23:08:02
2026-05-05 23:14:02 CT,long,5,"v3-armor,v3-canon,v3-min2bar,v3-pctile,v3-trail",23:14:02,23:14:03
2026-05-05 23:28:00 CT,long,5,"v3-armor,v3-canon,v3-min2bar,v3-pctile,v3-trail",23:28:00,23:28:02
2026-05-05 23:32:05 CT,long,4,"v3-armor,v3-canon,v3-min2bar,v3-trail",23:32:05,23:32:06
2026-05-05 23:38:01 CT,long,5,"v3-armor,v3-canon,v3-min2bar,v3-pctile,v3-trail",23:38:01,23:38:02
2026-05-05 23:44:01 CT,long,5,"v3-armor,v3-canon,v3-min2bar,v3-pctile,v3-trail",23:44:01,23:44:02
2026-05-05 23:54:00 CT,long,5,"v3-armor,v3-canon,v3-min2bar,v3-pctile,v3-trail",23:54:00,23:54:02
2026-05-06 00:04:00 CT,long,5,"v3-armor,v3-canon,v3-min2bar,v3-pctile,v3-trail",00:04:00,00:04:02
2026-05-06 00:20:00 CT,long,5,"v3-armor,v3-canon,v3-min2bar,v3-pctile,v3-trail",00:20:00,00:20:02
2026-05-06 00:26:01 CT,long,5,"v3-armor,v3-canon,v3-min2bar,v3-pctile,v3-trail",00:26:01,00:26:03
2026-05-06 00:34:01 CT,long,5,"v3-armor,v3-canon,v3-min2bar,v3-pctile,v3-trail",00:34:01,00:34:02
2026-05-06 00:44:01 CT,long,5,"v3-armor,v3-canon,v3-min2bar,v3-pctile,v3-trail",00:44:01,00:44:03
2026-05-06 01:02:00 CT,long,4,"v3-canon,v3-min2bar,v3-pctile,v3-trail",01:02:00,01:02:01
2026-05-06 01:14:01 CT,long,4,"v3-canon,v3-min2bar,v3-pctile,v3-trail",01:14:01,01:14:02
2026-05-06 01:24:01 CT,long,4,"v3-canon,v3-min2bar,v3-pctile,v3-trail",01:24:01,01:24:02
2026-05-06 01:36:00 CT,long,4,"v3-canon,v3-min2bar,v3-pctile,v3-trail",01:36:00,01:36:01
2026-05-06 01:58:01 CT,long,5,"v3-armor,v3-canon,v3-min2bar,v3-pctile,v3-trail",01:58:01,01:58:02
2026-05-06 02:06:00 CT,long,5,"v3-armor,v3-canon,v3-min2bar,v3-pctile,v3-trail",02:06:00,02:06:02
2026-05-06 02:18:01 CT,long,5,"v3-armor,v3-canon,v3-min2bar,v3-pctile,v3-trail",02:18:01,02:18:02
2026-05-06 02:24:00 CT,long,5,"v3-armor,v3-canon,v3-min2bar,v3-pctile,v3-trail",02:24:00,02:24:02
2026-05-06 02:46:00 CT,long,5,"v3-armor,v3-canon,v3-min2bar,v3-pctile,v3-trail",02:46:00,02:46:02
2026-05-06 02:58:00 CT,long,5,"v3-armor,v3-canon,v3-min2bar,v3-pctile,v3-trail",02:58:00,02:58:02
2026-05-06 03:06:01 CT,long,5,"v3-armor,v3-canon,v3-min2bar,v3-pctile,v3-trail",03:06:01,03:06:02
2026-05-06 03:18:01 CT,long,5,"v3-armor,v3-canon,v3-min2bar,v3-pctile,v3-trail",03:18:01,03:18:02
2026-05-06 03:24:01 CT,long,4,"v3-armor,v3-canon,v3-pctile,v3-trail",03:24:01,03:24:02
2026-05-06 03:32:01 CT,long,5,"v3-armor,v3-canon,v3-min2bar,v3-pctile,v3-trail",03:32:01,03:32:02
2026-05-06 03:42:00 CT,long,5,"v3-armor,v3-canon,v3-min2bar,v3-pctile,v3-trail",03:42:00,03:42:02
2026-05-06 04:08:00 CT,long,4,"v3-canon,v3-min2bar,v3-pctile,v3-trail",04:08:00,04:08:01
2026-05-06 04:12:00 CT,long,3,"v3-canon,v3-pctile,v3-trail",04:12:00,04:12:01
2026-05-06 04:28:01 CT,long,4,"v3-canon,v3-min2bar,v3-pctile,v3-trail",04:28:01,04:28:01
2026-05-06 04:34:01 CT,long,4,"v3-canon,v3-min2bar,v3-pctile,v3-trail",04:34:01,04:34:02
2026-05-06 04:40:00 CT,long,3,"v3-canon,v3-pctile,v3-trail",04:40:00,04:40:01
2026-05-06 04:50:00 CT,long,4,"v3-canon,v3-min2bar,v3-pctile,v3-trail",04:50:00,04:50:01
2026-05-06 04:54:00 CT,long,3,"v3-canon,v3-pctile,v3-trail",04:54:00,04:54:01
2026-05-06 05:02:00 CT,long,4,"v3-canon,v3-min2bar,v3-pctile,v3-trail",05:02:00,05:02:01
2026-05-06 05:07:58 CT,long,3,"v3-canon,v3-pctile,v3-trail",05:07:58,05:07:59
2026-05-06 05:16:01 CT,long,4,"v3-canon,v3-min2bar,v3-pctile,v3-trail",05:16:01,05:16:02
2026-05-06 05:24:00 CT,long,4,"v3-canon,v3-min2bar,v3-pctile,v3-trail",05:24:00,05:24:02
2026-05-06 05:40:00 CT,long,5,"v3-armor,v3-canon,v3-min2bar,v3-pctile,v3-trail",05:40:00,05:40:02
2026-05-06 05:52:00 CT,long,4,"v3-canon,v3-min2bar,v3-pctile,v3-trail",05:52:00,05:52:01
2026-05-06 06:02:00 CT,long,4,"v3-canon,v3-min2bar,v3-pctile,v3-trail",06:02:00,06:02:01
2026-05-06 06:06:00 CT,long,4,"v3-canon,v3-min2bar,v3-pctile,v3-trail",06:06:00,06:10:01
2026-05-06 06:16:00 CT,long,4,"v3-canon,v3-min2bar,v3-pctile,v3-trail",06:16:00,06:16:01
2026-05-06 06:20:00 CT,long,4,"v3-canon,v3-min2bar,v3-pctile,v3-trail",06:20:00,06:20:01
2026-05-06 06:36:01 CT,long,4,"v3-canon,v3-min2bar,v3-pctile,v3-trail",06:36:01,06:36:02
2026-05-06 06:52:00 CT,long,5,"v3-armor,v3-canon,v3-min2bar,v3-pctile,v3-trail",06:52:00,06:52:02
2026-05-06 07:06:00 CT,long,5,"v3-armor,v3-canon,v3-min2bar,v3-pctile,v3-trail",07:06:00,07:06:02
2026-05-06 07:12:00 CT,long,4,"v3-armor,v3-canon,v3-pctile,v3-trail",07:12:00,07:12:01
2026-05-06 07:20:00 CT,long,5,"v3-armor,v3-canon,v3-min2bar,v3-pctile,v3-trail",07:20:00,07:20:02
2026-05-06 07:36:01 CT,long,5,"v3-armor,v3-canon,v3-min2bar,v3-pctile,v3-trail",07:36:01,07:36:02
2026-05-06 07:40:00 CT,long,5,"v3-armor,v3-canon,v3-min2bar,v3-pctile,v3-trail",07:40:00,07:44:01
2026-05-06 07:52:01 CT,long,5,"v3-armor,v3-canon,v3-min2bar,v3-pctile,v3-trail",07:52:01,07:52:02
2026-05-06 07:58:00 CT,long,4,"v3-armor,v3-canon,v3-pctile,v3-trail",07:58:00,07:58:02
2026-05-06 08:04:00 CT,long,5,"v3-armor,v3-canon,v3-min2bar,v3-pctile,v3-trail",08:04:00,08:04:02
2026-05-06 08:12:01 CT,long,5,"v3-armor,v3-canon,v3-min2bar,v3-pctile,v3-trail",08:12:01,08:12:02
2026-05-06 08:16:01 CT,long,4,"v3-armor,v3-canon,v3-pctile,v3-trail",08:16:01,08:16:02
2026-05-06 08:22:00 CT,long,5,"v3-armor,v3-canon,v3-min2bar,v3-pctile,v3-trail",08:22:00,08:22:02
2026-05-06 08:30:00 CT,long,5,"v3-armor,v3-canon,v3-min2bar,v3-pctile,v3-trail",08:30:00,08:30:02
2026-05-06 08:44:00 CT,long,4,"v3-armor,v3-canon,v3-min2bar,v3-trail",08:44:00,08:44:02
2026-05-06 08:48:01 CT,long,3,"v3-armor,v3-canon,v3-trail",08:48:01,08:48:02
2026-05-06 08:53:22 CT,long,4,"v3-armor,v3-canon,v3-min2bar,v3-trail",08:53:22,08:53:24
2026-05-06 09:06:00 CT,long,4,"v3-armor,v3-canon,v3-min2bar,v3-trail",09:06:00,09:06:01
2026-05-06 09:10:00 CT,long,4,"v3-armor,v3-canon,v3-min2bar,v3-trail",09:10:00,09:10:02
2026-05-06 09:22:00 CT,long,4,"v3-armor,v3-canon,v3-min2bar,v3-trail",09:22:00,09:22:01
2026-05-06 09:32:00 CT,long,4,"v3-armor,v3-canon,v3-min2bar,v3-trail",09:32:00,09:32:02
2026-05-06 09:50:00 CT,long,3,"v3-canon,v3-min2bar,v3-trail",09:50:00,09:50:01
2026-05-06 10:00:01 CT,long,3,"v3-canon,v3-min2bar,v3-trail",10:00:01,10:00:01
2026-05-06 10:06:01 CT,long,3,"v3-canon,v3-min2bar,v3-trail",10:06:01,10:06:01
2026-05-06 10:12:01 CT,long,4,"v3-canon,v3-min2bar,v3-pctile,v3-trail",10:12:01,10:16:02
2026-05-06 10:26:00 CT,long,4,"v3-canon,v3-min2bar,v3-pctile,v3-trail",10:26:00,10:26:01
2026-05-06 10:46:01 CT,long,4,"v3-canon,v3-min2bar,v3-pctile,v3-trail",10:46:01,10:46:02
2026-05-06 17:28:01 CT,long,5,"v3-armor,v3-canon,v3-min2bar,v3-pctile,v3-trail",17:28:01,17:28:03
2026-05-06 17:32:01 CT,long,4,"v3-armor,v3-canon,v3-pctile,v3-trail",17:32:01,17:32:02
2026-05-06 17:42:01 CT,long,5,"v3-armor,v3-canon,v3-min2bar,v3-pctile,v3-trail",17:42:01,17:42:03
2026-05-06 17:50:01 CT,long,5,"v3-armor,v3-canon,v3-min2bar,v3-pctile,v3-trail",17:50:01,17:50:02
2026-05-06 17:55:56 CT,long,4,"v3-armor,v3-canon,v3-pctile,v3-trail",17:55:56,17:55:57
2026-05-06 21:16:00 CT,long,5,"v3-armor,v3-canon,v3-min2bar,v3-pctile,v3-trail",21:16:00,21:16:02
2026-05-06 21:26:01 CT,long,5,"v3-armor,v3-canon,v3-min2bar,v3-pctile,v3-trail",21:26:01,21:26:03
2026-05-06 21:34:00 CT,long,5,"v3-armor,v3-canon,v3-min2bar,v3-pctile,v3-trail",21:34:00,21:34:02
2026-05-06 21:54:00 CT,long,5,"v3-armor,v3-canon,v3-min2bar,v3-pctile,v3-trail",21:54:00,21:54:02
2026-05-06 22:06:00 CT,long,5,"v3-armor,v3-canon,v3-min2bar,v3-pctile,v3-trail",22:06:00,22:06:02
2026-05-06 22:16:01 CT,long,5,"v3-armor,v3-canon,v3-min2bar,v3-pctile,v3-trail",22:16:01,22:16:02
2026-05-06 22:26:00 CT,long,5,"v3-armor,v3-canon,v3-min2bar,v3-pctile,v3-trail",22:26:00,22:26:02
2026-05-06 22:32:00 CT,long,5,"v3-armor,v3-canon,v3-min2bar,v3-pctile,v3-trail",22:32:00,22:32:02
2026-05-06 22:38:00 CT,long,5,"v3-armor,v3-canon,v3-min2bar,v3-pctile,v3-trail",22:38:00,22:38:02
2026-05-06 22:48:00 CT,long,5,"v3-armor,v3-canon,v3-min2bar,v3-pctile,v3-trail",22:48:00,22:48:02
2026-05-06 22:54:00 CT,long,4,"v3-armor,v3-canon,v3-pctile,v3-trail",22:54:00,22:54:02
2026-05-06 23:02:01 CT,long,5,"v3-armor,v3-canon,v3-min2bar,v3-pctile,v3-trail",23:02:01,23:02:02
2026-05-06 23:10:03 CT,long,5,"v3-armor,v3-canon,v3-min2bar,v3-pctile,v3-trail",23:10:03,23:10:05
2026-05-06 23:26:00 CT,long,4,"v3-canon,v3-min2bar,v3-pctile,v3-trail",23:26:00,23:26:01
2026-05-06 23:32:02 CT,long,3,"v3-canon,v3-pctile,v3-trail",23:32:02,23:32:03
2026-05-06 23:40:01 CT,long,3,"v3-canon,v3-min2bar,v3-trail",23:40:01,23:40:02
2026-05-06 23:48:01 CT,long,4,"v3-canon,v3-min2bar,v3-pctile,v3-trail",23:48:01,23:48:02
2026-05-06 23:54:23 CT,long,4,"v3-canon,v3-min2bar,v3-pctile,v3-trail",23:54:23,23:54:24
2026-05-07 00:02:01 CT,long,4,"v3-canon,v3-min2bar,v3-pctile,v3-trail",00:02:01,00:02:02
2026-05-07 00:08:00 CT,long,4,"v3-canon,v3-min2bar,v3-pctile,v3-trail",00:08:00,00:08:02
2026-05-07 00:12:01 CT,long,3,"v3-canon,v3-pctile,v3-trail",00:12:01,00:12:02
2026-05-07 00:26:00 CT,long,4,"v3-canon,v3-min2bar,v3-pctile,v3-trail",00:26:00,00:26:01
2026-05-07 00:52:00 CT,long,4,"v3-canon,v3-min2bar,v3-pctile,v3-trail",00:52:00,00:52:01
2026-05-07 00:58:00 CT,long,4,"v3-canon,v3-min2bar,v3-pctile,v3-trail",00:58:00,01:02:01
2026-05-07 01:14:00 CT,long,4,"v3-canon,v3-min2bar,v3-pctile,v3-trail",01:14:00,01:14:01
2026-05-07 01:18:00 CT,long,3,"v3-canon,v3-pctile,v3-trail",01:18:00,01:18:01
2026-05-07 01:26:01 CT,long,4,"v3-canon,v3-min2bar,v3-pctile,v3-trail",01:26:01,01:26:02
2026-05-07 01:34:00 CT,long,4,"v3-canon,v3-min2bar,v3-pctile,v3-trail",01:34:00,01:34:01
2026-05-07 01:42:01 CT,long,4,"v3-canon,v3-min2bar,v3-pctile,v3-trail",01:42:01,01:42:01
2026-05-07 01:52:00 CT,long,4,"v3-canon,v3-min2bar,v3-pctile,v3-trail",01:52:00,01:52:01
2026-05-07 01:58:00 CT,long,4,"v3-canon,v3-min2bar,v3-pctile,v3-trail",01:58:00,01:58:01
2026-05-07 02:06:00 CT,long,4,"v3-canon,v3-min2bar,v3-pctile,v3-trail",02:06:00,02:06:01
2026-05-07 02:22:01 CT,long,4,"v3-canon,v3-min2bar,v3-pctile,v3-trail",02:22:01,02:22:02
2026-05-07 02:30:00 CT,long,4,"v3-canon,v3-min2bar,v3-pctile,v3-trail",02:30:00,02:30:01
2026-05-07 02:50:00 CT,long,4,"v3-canon,v3-min2bar,v3-pctile,v3-trail",02:50:00,02:50:01
2026-05-07 02:58:00 CT,long,4,"v3-canon,v3-min2bar,v3-pctile,v3-trail",02:58:00,02:58:01
2026-05-07 03:14:00 CT,long,4,"v3-canon,v3-min2bar,v3-pctile,v3-trail",03:14:00,03:14:02
2026-05-07 03:22:00 CT,long,4,"v3-canon,v3-min2bar,v3-pctile,v3-trail",03:22:00,03:22:01
2026-05-07 03:28:00 CT,long,4,"v3-canon,v3-min2bar,v3-pctile,v3-trail",03:28:00,03:28:02
2026-05-07 03:36:00 CT,long,4,"v3-canon,v3-min2bar,v3-pctile,v3-trail",03:36:00,03:36:01
2026-05-07 03:50:01 CT,long,4,"v3-canon,v3-min2bar,v3-pctile,v3-trail",03:50:01,03:50:03
2026-05-07 04:02:00 CT,long,4,"v3-canon,v3-min2bar,v3-pctile,v3-trail",04:02:00,04:02:01
2026-05-07 04:08:00 CT,long,4,"v3-canon,v3-min2bar,v3-pctile,v3-trail",04:08:00,04:12:01
2026-05-07 04:12:02 CT,long,3,"v3-canon,v3-pctile,v3-trail",04:12:02,04:16:01
2026-05-07 04:36:00 CT,long,4,"v3-canon,v3-min2bar,v3-pctile,v3-trail",04:36:00,04:36:01
2026-05-07 04:42:01 CT,long,4,"v3-canon,v3-min2bar,v3-pctile,v3-trail",04:42:01,04:42:02
2026-05-07 04:48:01 CT,long,4,"v3-canon,v3-min2bar,v3-pctile,v3-trail",04:48:01,04:48:02
2026-05-07 04:58:01 CT,long,4,"v3-canon,v3-min2bar,v3-pctile,v3-trail",04:58:01,04:58:02
2026-05-07 05:10:00 CT,long,4,"v3-canon,v3-min2bar,v3-pctile,v3-trail",05:10:00,05:10:01
2026-05-07 05:22:01 CT,long,4,"v3-canon,v3-min2bar,v3-pctile,v3-trail",05:22:01,05:22:02
2026-05-07 05:32:00 CT,long,4,"v3-canon,v3-min2bar,v3-pctile,v3-trail",05:32:00,05:32:01
2026-05-07 05:38:01 CT,long,4,"v3-canon,v3-min2bar,v3-pctile,v3-trail",05:38:01,05:38:02
2026-05-07 06:04:00 CT,long,4,"v3-canon,v3-min2bar,v3-pctile,v3-trail",06:04:00,06:04:01
2026-05-07 06:10:00 CT,long,4,"v3-canon,v3-min2bar,v3-pctile,v3-trail",06:10:00,06:10:01
2026-05-07 06:24:01 CT,long,4,"v3-canon,v3-min2bar,v3-pctile,v3-trail",06:24:01,06:24:02
2026-05-07 06:28:00 CT,long,4,"v3-canon,v3-min2bar,v3-pctile,v3-trail",06:28:00,06:32:01
2026-05-07 06:32:02 CT,long,3,"v3-canon,v3-pctile,v3-trail",06:32:02,06:36:01
2026-05-07 06:52:00 CT,long,4,"v3-canon,v3-min2bar,v3-pctile,v3-trail",06:52:00,06:52:01
2026-05-07 07:04:01 CT,long,4,"v3-canon,v3-min2bar,v3-pctile,v3-trail",07:04:01,07:04:02
2026-05-07 07:16:01 CT,long,4,"v3-canon,v3-min2bar,v3-pctile,v3-trail",07:16:01,07:16:02
2026-05-07 07:26:00 CT,long,4,"v3-canon,v3-min2bar,v3-pctile,v3-trail",07:26:00,07:26:02
2026-05-07 07:44:01 CT,long,4,"v3-canon,v3-min2bar,v3-pctile,v3-trail",07:44:01,07:44:02
2026-05-07 07:50:00 CT,long,4,"v3-canon,v3-min2bar,v3-pctile,v3-trail",07:50:00,07:54:01
2026-05-07 07:54:01 CT,long,3,"v3-canon,v3-pctile,v3-trail",07:54:01,07:58:01
2026-05-07 08:10:01 CT,long,4,"v3-canon,v3-min2bar,v3-pctile,v3-trail",08:10:01,08:10:02
2026-05-07 08:16:00 CT,long,4,"v3-canon,v3-min2bar,v3-pctile,v3-trail",08:16:00,08:16:01
2026-05-07 08:24:00 CT,long,4,"v3-canon,v3-min2bar,v3-pctile,v3-trail",08:24:00,08:24:01
2026-05-07 08:40:01 CT,long,3,"v3-canon,v3-min2bar,v3-trail",08:40:01,08:40:01
2026-05-07 10:24:00 CT,long,5,"v3-armor,v3-canon,v3-min2bar,v3-pctile,v3-trail",10:24:00,10:24:02
2026-05-07 10:30:00 CT,long,5,"v3-armor,v3-canon,v3-min2bar,v3-pctile,v3-trail",10:30:00,10:30:02
2026-05-07 10:38:00 CT,long,5,"v3-armor,v3-canon,v3-min2bar,v3-pctile,v3-trail",10:38:00,10:38:02
2026-05-07 10:43:03 CT,long,5,"v3-armor,v3-canon,v3-min2bar,v3-pctile,v3-trail",10:43:03,10:46:01
2026-05-07 11:04:00 CT,long,5,"v3-armor,v3-canon,v3-min2bar,v3-pctile,v3-trail",11:04:00,11:04:02
2026-05-07 11:10:00 CT,long,5,"v3-armor,v3-canon,v3-min2bar,v3-pctile,v3-trail",11:10:00,11:10:02
2026-05-07 11:18:01 CT,long,5,"v3-armor,v3-canon,v3-min2bar,v3-pctile,v3-trail",11:18:01,11:18:02
2026-05-07 11:24:01 CT,long,4,"v3-armor,v3-canon,v3-pctile,v3-trail",11:24:01,11:24:02
2026-05-07 11:34:00 CT,long,5,"v3-armor,v3-canon,v3-min2bar,v3-pctile,v3-trail",11:34:00,11:34:02
2026-05-07 11:36:00 CT,long,4,"v3-armor,v3-canon,v3-pctile,v3-trail",11:36:00,11:36:02
2026-05-07 11:42:00 CT,long,5,"v3-armor,v3-canon,v3-min2bar,v3-pctile,v3-trail",11:42:00,11:42:02
2026-05-07 11:46:01 CT,long,4,"v3-armor,v3-canon,v3-pctile,v3-trail",11:46:01,11:46:02
2026-05-07 11:54:01 CT,long,5,"v3-armor,v3-canon,v3-min2bar,v3-pctile,v3-trail",11:54:01,11:54:02
2026-05-07 12:00:00 CT,long,5,"v3-armor,v3-canon,v3-min2bar,v3-pctile,v3-trail",12:00:00,12:00:02
2026-05-07 12:04:00 CT,long,5,"v3-armor,v3-canon,v3-min2bar,v3-pctile,v3-trail",12:04:00,12:08:01
2026-05-07 12:14:01 CT,long,4,"v3-armor,v3-canon,v3-pctile,v3-trail",12:14:01,12:14:02
2026-05-07 12:24:04 CT,long,5,"v3-armor,v3-canon,v3-min2bar,v3-pctile,v3-trail",12:24:04,12:24:05
2026-05-07 12:30:00 CT,long,5,"v3-armor,v3-canon,v3-min2bar,v3-pctile,v3-trail",12:30:00,12:30:02
2026-05-07 12:36:00 CT,long,5,"v3-armor,v3-canon,v3-min2bar,v3-pctile,v3-trail",12:36:00,12:36:02
2026-05-07 12:40:00 CT,long,5,"v3-armor,v3-canon,v3-min2bar,v3-pctile,v3-trail",12:40:00,12:40:02
2026-05-07 12:48:01 CT,long,5,"v3-armor,v3-canon,v3-min2bar,v3-pctile,v3-trail",12:48:01,12:48:02
2026-05-07 12:56:01 CT,long,4,"v3-armor,v3-canon,v3-pctile,v3-trail",12:56:01,12:56:02
2026-05-07 13:06:01 CT,long,4,"v3-canon,v3-min2bar,v3-pctile,v3-trail",13:06:01,13:06:03
2026-05-07 13:12:00 CT,long,4,"v3-canon,v3-min2bar,v3-pctile,v3-trail",13:12:00,13:12:01
2026-05-07 13:28:00 CT,long,4,"v3-canon,v3-min2bar,v3-pctile,v3-trail",13:28:00,13:28:01
2026-05-07 13:32:00 CT,long,3,"v3-canon,v3-pctile,v3-trail",13:32:00,13:32:01
2026-05-07 13:40:00 CT,long,4,"v3-canon,v3-min2bar,v3-pctile,v3-trail",13:40:00,13:40:02
2026-05-07 13:44:00 CT,long,3,"v3-canon,v3-pctile,v3-trail",13:44:00,13:44:01
2026-05-07 13:52:01 CT,long,5,"v3-armor,v3-canon,v3-min2bar,v3-pctile,v3-trail",13:52:01,13:52:02
2026-05-07 14:06:00 CT,long,5,"v3-armor,v3-canon,v3-min2bar,v3-pctile,v3-trail",14:06:00,14:06:02
2026-05-07 14:12:00 CT,long,5,"v3-armor,v3-canon,v3-min2bar,v3-pctile,v3-trail",14:12:00,14:12:02
2026-05-07 14:20:01 CT,long,5,"v3-armor,v3-canon,v3-min2bar,v3-pctile,v3-trail",14:20:01,14:20:02
2026-05-07 14:28:00 CT,long,5,"v3-armor,v3-canon,v3-min2bar,v3-pctile,v3-trail",14:28:00,14:32:01
2026-05-07 14:38:00 CT,long,5,"v3-armor,v3-canon,v3-min2bar,v3-pctile,v3-trail",14:38:00,14:38:02
2026-05-07 14:44:01 CT,long,5,"v3-armor,v3-canon,v3-min2bar,v3-pctile,v3-trail",14:44:01,14:44:02
2026-05-07 14:50:00 CT,long,5,"v3-armor,v3-canon,v3-min2bar,v3-pctile,v3-trail",14:50:00,14:50:02
2026-05-07 14:56:00 CT,long,5,"v3-armor,v3-canon,v3-min2bar,v3-pctile,v3-trail",14:56:00,14:56:02
2026-05-07 15:04:00 CT,long,5,"v3-armor,v3-canon,v3-min2bar,v3-pctile,v3-trail",15:04:00,15:04:02
2026-05-07 15:12:00 CT,long,5,"v3-armor,v3-canon,v3-min2bar,v3-pctile,v3-trail",15:12:00,15:12:02
2026-05-07 15:16:00 CT,long,5,"v3-armor,v3-canon,v3-min2bar,v3-pctile,v3-trail",15:16:00,15:20:01
2026-05-07 15:32:00 CT,long,5,"v3-armor,v3-canon,v3-min2bar,v3-pctile,v3-trail",15:32:00,15:32:02
2026-05-07 15:42:00 CT,long,5,"v3-armor,v3-canon,v3-min2bar,v3-pctile,v3-trail",15:42:00,15:42:02
2026-05-07 15:50:00 CT,long,5,"v3-armor,v3-canon,v3-min2bar,v3-pctile,v3-trail",15:50:00,15:50:02
2026-05-07 15:54:00 CT,long,5,"v3-armor,v3-canon,v3-min2bar,v3-pctile,v3-trail",15:54:00,15:58:01
2026-05-07 17:34:01 CT,long,5,"v3-armor,v3-canon,v3-min2bar,v3-pctile,v3-trail",17:34:01,17:34:02
2026-05-07 17:40:01 CT,long,5,"v3-armor,v3-canon,v3-min2bar,v3-pctile,v3-trail",17:40:01,17:40:03
2026-05-07 17:48:01 CT,long,4,"v3-armor,v3-canon,v3-pctile,v3-trail",17:48:01,17:48:02
2026-05-07 18:08:01 CT,long,5,"v3-armor,v3-canon,v3-min2bar,v3-pctile,v3-trail",18:08:01,18:08:02
2026-05-07 18:18:01 CT,long,5,"v3-armor,v3-canon,v3-min2bar,v3-pctile,v3-trail",18:18:01,18:18:02
2026-05-07 18:22:01 CT,long,5,"v3-armor,v3-canon,v3-min2bar,v3-pctile,v3-trail",18:22:01,18:26:01
2026-05-07 18:34:01 CT,long,5,"v3-armor,v3-canon,v3-min2bar,v3-pctile,v3-trail",18:34:01,18:34:03
2026-05-07 18:42:00 CT,long,5,"v3-armor,v3-canon,v3-min2bar,v3-pctile,v3-trail",18:42:00,18:42:02
2026-05-07 18:50:01 CT,long,4,"v3-canon,v3-min2bar,v3-pctile,v3-trail",18:50:01,18:50:02
2026-05-07 19:16:01 CT,long,4,"v3-canon,v3-min2bar,v3-pctile,v3-trail",19:16:01,19:16:02
2026-05-07 19:22:00 CT,long,4,"v3-canon,v3-min2bar,v3-pctile,v3-trail",19:22:00,19:22:01
2026-05-07 19:34:00 CT,long,4,"v3-canon,v3-min2bar,v3-pctile,v3-trail",19:34:00,19:34:02
2026-05-07 19:42:00 CT,long,3,"v3-canon,v3-min2bar,v3-trail",19:42:00,19:42:01
2026-05-07 19:52:00 CT,long,4,"v3-canon,v3-min2bar,v3-pctile,v3-trail",19:52:00,19:52:02
2026-05-07 21:56:01 CT,long,10,"v3-armor,v3-min2bar,v3-pctile,v3-trail,v4-loose-shorts,v4-overnight-bias,v4-trend-flip,v4-trend-gate,v4-vol-regime,v5-mtf-anchor",21:56:01,21:56:05
2026-05-07 22:04:01 CT,long,10,"v3-armor,v3-min2bar,v3-pctile,v3-trail,v4-loose-shorts,v4-overnight-bias,v4-trend-flip,v4-trend-gate,v4-vol-regime,v5-mtf-anchor",22:04:01,22:04:04
2026-05-07 22:08:01 CT,long,9,"v3-armor,v3-pctile,v3-trail,v4-loose-shorts,v4-overnight-bias,v4-trend-flip,v4-trend-gate,v4-vol-regime,v5-mtf-anchor",22:08:01,22:08:04
2026-05-07 22:24:02 CT,long,12,"v3-armor,v3-canon,v3-min2bar,v3-trail,v3.1-canon,v3.1-min2bar,v3.1-pctile,v3.1-trail,v4-loose-shorts,v4-trend-flip,v4-trend-gate,v4-vol-regime",22:24:02,22:24:05
2026-05-07 22:32:01 CT,long,16,"v3-armor,v3-canon,v3-min2bar,v3-pctile,v3-trail,v3.1-armor,v3.1-canon,v3.1-min2bar,v3.1-pctile,v3.1-trail,v4-loose-shorts,v4-overnight-bias,v4-trend-flip,v4-trend-gate,v4-vol-regime,v5-mtf-anchor",22:32:01,22:32:06
2026-05-07 22:32:06 CT,long,4,"v3-armor,v3.1-min2bar,v4-loose-shorts,v4-overnight-bias",22:32:06,22:32:07
2026-05-07 22:44:00 CT,long,15,"v3-armor,v3-canon,v3-min2bar,v3-trail,v3.1-armor,v3.1-canon,v3.1-min2bar,v3.1-pctile,v3.1-trail,v4-loose-shorts,v4-overnight-bias,v4-trend-flip,v4-trend-gate,v4-vol-regime,v5-mtf-anchor",22:44:00,22:44:05
2026-05-07 22:44:06 CT,long,3,"v3-armor,v3.1-min2bar,v4-overnight-bias",22:44:06,22:44:06
2026-05-07 22:52:02 CT,long,3,"v3-pctile,v3.1-pctile,v4-loose-shorts",22:52:02,22:52:03
2026-05-07 23:06:01 CT,long,16,"v3-armor,v3-canon,v3-min2bar,v3-pctile,v3-trail,v3.1-armor,v3.1-canon,v3.1-min2bar,v3.1-pctile,v3.1-trail,v4-loose-shorts,v4-overnight-bias,v4-trend-flip,v4-trend-gate,v4-vol-regime,v5-mtf-anchor",23:06:01,23:06:06
2026-05-07 23:06:06 CT,long,15,"v3-armor,v3-canon,v3-pctile,v3-trail,v3.1-armor,v3.1-canon,v3.1-min2bar,v3.1-pctile,v3.1-trail,v4-loose-shorts,v4-overnight-bias,v4-trend-flip,v4-trend-gate,v4-vol-regime,v5-mtf-anchor",23:06:06,23:10:06
2026-05-07 23:10:07 CT,long,4,"v3-armor,v4-loose-shorts,v4-overnight-bias,v4-vol-regime",23:10:07,23:10:08
2026-05-07 23:18:02 CT,long,16,"v3-armor,v3-canon,v3-min2bar,v3-pctile,v3-trail,v3.1-armor,v3.1-canon,v3.1-min2bar,v3.1-pctile,v3.1-trail,v4-loose-shorts,v4-overnight-bias,v4-trend-flip,v4-trend-gate,v4-vol-regime,v5-mtf-anchor",23:18:02,23:18:06
2026-05-07 23:18:06 CT,long,4,"v3-armor,v3.1-min2bar,v4-loose-shorts,v4-overnight-bias",23:18:06,23:18:07
2026-05-07 23:30:01 CT,long,16,"v3-armor,v3-canon,v3-min2bar,v3-pctile,v3-trail,v3.1-armor,v3.1-canon,v3.1-min2bar,v3.1-pctile,v3.1-trail,v4-loose-shorts,v4-overnight-bias,v4-trend-flip,v4-trend-gate,v4-vol-regime,v5-mtf-anchor",23:30:01,23:30:06
2026-05-07 23:30:06 CT,long,5,"v3-armor,v3.1-min2bar,v4-loose-shorts,v4-overnight-bias,v4-vol-regime",23:30:06,23:30:07
2026-05-07 23:38:02 CT,long,16,"v3-armor,v3-canon,v3-min2bar,v3-pctile,v3-trail,v3.1-armor,v3.1-canon,v3.1-min2bar,v3.1-pctile,v3.1-trail,v4-loose-shorts,v4-overnight-bias,v4-trend-flip,v4-trend-gate,v4-vol-regime,v5-mtf-anchor",23:38:02,23:38:06
2026-05-07 23:38:07 CT,long,5,"v3-armor,v3.1-min2bar,v4-loose-shorts,v4-overnight-bias,v5-mtf-anchor",23:38:07,23:38:07
2026-05-07 23:46:02 CT,long,16,"v3-armor,v3-canon,v3-min2bar,v3-pctile,v3-trail,v3.1-armor,v3.1-canon,v3.1-min2bar,v3.1-pctile,v3.1-trail,v4-loose-shorts,v4-overnight-bias,v4-trend-flip,v4-trend-gate,v4-vol-regime,v5-mtf-anchor",23:46:02,23:46:06
2026-05-07 23:46:07 CT,long,5,"v3-armor,v3.1-min2bar,v4-loose-shorts,v4-overnight-bias,v4-vol-regime",23:46:07,23:46:08
2026-05-08 00:02:00 CT,long,14,"v3-canon,v3-min2bar,v3-pctile,v3-trail,v3.1-canon,v3.1-min2bar,v3.1-pctile,v3.1-trail,v4-loose-shorts,v4-overnight-bias,v4-trend-flip,v4-trend-gate,v4-vol-regime,v5-mtf-anchor",00:02:00,00:02:05
2026-05-08 00:02:05 CT,long,6,"v3-pctile,v3.1-min2bar,v3.1-trail,v4-loose-shorts,v4-overnight-bias,v5-mtf-anchor",00:02:05,00:02:07
2026-05-08 00:14:01 CT,long,10,"v3-canon,v3-trail,v3.1-canon,v3.1-min2bar,v3.1-trail,v4-overnight-bias,v4-trend-flip,v4-trend-gate,v4-vol-regime,v5-mtf-anchor",00:14:01,00:14:04
2026-05-08 00:24:01 CT,long,14,"v3-canon,v3-min2bar,v3-pctile,v3-trail,v3.1-canon,v3.1-min2bar,v3.1-pctile,v3.1-trail,v4-loose-shorts,v4-overnight-bias,v4-trend-flip,v4-trend-gate,v4-vol-regime,v5-mtf-anchor",00:24:01,00:24:06
2026-05-08 00:24:06 CT,long,13,"v3-canon,v3-pctile,v3-trail,v3.1-canon,v3.1-min2bar,v3.1-pctile,v3.1-trail,v4-loose-shorts,v4-overnight-bias,v4-trend-flip,v4-trend-gate,v4-vol-regime,v5-mtf-anchor",00:24:06,00:28:04
2026-05-08 00:28:04 CT,long,7,"v3-canon,v3-pctile,v3.1-trail,v4-loose-shorts,v4-overnight-bias,v4-vol-regime,v5-mtf-anchor",00:28:04,00:28:05
2026-05-08 00:44:01 CT,long,14,"v3-canon,v3-min2bar,v3-pctile,v3-trail,v3.1-canon,v3.1-min2bar,v3.1-pctile,v3.1-trail,v4-loose-shorts,v4-overnight-bias,v4-trend-flip,v4-trend-gate,v4-vol-regime,v5-mtf-anchor",00:44:01,00:44:05
2026-05-08 00:44:05 CT,long,4,"v3.1-min2bar,v4-loose-shorts,v4-overnight-bias,v5-mtf-anchor",00:44:05,00:44:06
2026-05-08 00:56:02 CT,long,11,"v3-canon,v3-min2bar,v3-trail,v3.1-canon,v3.1-min2bar,v3.1-trail,v4-overnight-bias,v4-trend-flip,v4-trend-gate,v4-vol-regime,v5-mtf-anchor",00:56:02,00:56:05
2026-05-08 00:56:06 CT,long,3,"v3.1-min2bar,v4-overnight-bias,v5-mtf-anchor",00:56:06,00:56:06
2026-05-08 01:04:01 CT,long,14,"v3-canon,v3-min2bar,v3-pctile,v3-trail,v3.1-canon,v3.1-min2bar,v3.1-pctile,v3.1-trail,v4-loose-shorts,v4-overnight-bias,v4-trend-flip,v4-trend-gate,v4-vol-regime,v5-mtf-anchor",01:04:01,01:08:03
2026-05-08 01:08:03 CT,long,5,"v3-pctile,v3.1-min2bar,v3.1-pctile,v3.1-trail,v4-loose-shorts",01:08:03,01:08:04
2026-05-08 01:28:01 CT,long,14,"v3-canon,v3-min2bar,v3-pctile,v3-trail,v3.1-canon,v3.1-min2bar,v3.1-pctile,v3.1-trail,v4-loose-shorts,v4-overnight-bias,v4-trend-flip,v4-trend-gate,v4-vol-regime,v5-mtf-anchor",01:28:01,01:28:06
2026-05-08 01:28:06 CT,long,3,"v3.1-min2bar,v4-loose-shorts,v4-overnight-bias",01:28:06,01:28:07
2026-05-08 01:36:02 CT,long,14,"v3-canon,v3-min2bar,v3-pctile,v3-trail,v3.1-canon,v3.1-min2bar,v3.1-pctile,v3.1-trail,v4-loose-shorts,v4-overnight-bias,v4-trend-flip,v4-trend-gate,v4-vol-regime,v5-mtf-anchor",01:36:02,01:36:07
2026-05-08 01:36:07 CT,long,3,"v3.1-min2bar,v4-loose-shorts,v4-overnight-bias",01:36:07,01:36:08
2026-05-08 01:52:02 CT,long,14,"v3-canon,v3-min2bar,v3-pctile,v3-trail,v3.1-canon,v3.1-min2bar,v3.1-pctile,v3.1-trail,v4-loose-shorts,v4-overnight-bias,v4-trend-flip,v4-trend-gate,v4-vol-regime,v5-mtf-anchor",01:52:02,01:52:07
2026-05-08 01:52:07 CT,long,6,"v3-pctile,v3.1-min2bar,v3.1-trail,v4-loose-shorts,v4-overnight-bias,v5-mtf-anchor",01:52:07,01:52:08
2026-05-08 01:58:02 CT,long,13,"v3-canon,v3-pctile,v3-trail,v3.1-canon,v3.1-min2bar,v3.1-pctile,v3.1-trail,v4-loose-shorts,v4-overnight-bias,v4-trend-flip,v4-trend-gate,v4-vol-regime,v5-mtf-anchor",01:58:02,01:58:05
2026-05-08 01:58:06 CT,long,4,"v3.1-min2bar,v4-loose-shorts,v4-overnight-bias,v5-mtf-anchor",01:58:06,01:58:06
2026-05-08 02:06:02 CT,long,10,"v3-canon,v3-min2bar,v3-pctile,v3-trail,v4-loose-shorts,v4-overnight-bias,v4-trend-flip,v4-trend-gate,v4-vol-regime,v5-mtf-anchor",02:06:02,02:06:05
2026-05-08 02:06:05 CT,long,3,"v4-loose-shorts,v4-overnight-bias,v5-mtf-anchor",02:06:05,02:06:05
2026-05-08 02:14:01 CT,long,14,"v3-canon,v3-min2bar,v3-pctile,v3-trail,v3.1-canon,v3.1-min2bar,v3.1-pctile,v3.1-trail,v4-loose-shorts,v4-overnight-bias,v4-trend-flip,v4-trend-gate,v4-vol-regime,v5-mtf-anchor",02:14:01,02:14:06
2026-05-08 02:14:06 CT,long,6,"v3-pctile,v3.1-min2bar,v3.1-trail,v4-loose-shorts,v4-overnight-bias,v5-mtf-anchor",02:14:06,02:14:07
2026-05-08 02:20:00 CT,long,10,"v3-canon,v3-min2bar,v3-pctile,v3-trail,v4-loose-shorts,v4-overnight-bias,v4-trend-flip,v4-trend-gate,v4-vol-regime,v5-mtf-anchor",02:20:00,02:20:05
2026-05-08 02:20:05 CT,long,3,"v4-loose-shorts,v4-overnight-bias,v5-mtf-anchor",02:20:05,02:20:05
2026-05-08 02:28:02 CT,long,10,"v3-canon,v3-min2bar,v3-pctile,v3-trail,v4-loose-shorts,v4-overnight-bias,v4-trend-flip,v4-trend-gate,v4-vol-regime,v5-mtf-anchor",02:28:02,02:28:05
2026-05-08 02:28:05 CT,long,3,"v4-loose-shorts,v4-overnight-bias,v5-mtf-anchor",02:28:05,02:28:06
2026-05-08 02:34:01 CT,long,14,"v3-canon,v3-min2bar,v3-pctile,v3-trail,v3.1-canon,v3.1-min2bar,v3.1-pctile,v3.1-trail,v4-loose-shorts,v4-overnight-bias,v4-trend-flip,v4-trend-gate,v4-vol-regime,v5-mtf-anchor",02:34:01,02:34:06
2026-05-08 02:34:06 CT,long,6,"v3-pctile,v3.1-min2bar,v3.1-trail,v4-loose-shorts,v4-overnight-bias,v5-mtf-anchor",02:34:06,02:34:07
2026-05-08 02:44:02 CT,long,14,"v3-canon,v3-min2bar,v3-pctile,v3-trail,v3.1-canon,v3.1-min2bar,v3.1-pctile,v3.1-trail,v4-loose-shorts,v4-overnight-bias,v4-trend-flip,v4-trend-gate,v4-vol-regime,v5-mtf-anchor",02:44:02,02:44:06
2026-05-08 02:44:06 CT,long,4,"v3.1-min2bar,v4-loose-shorts,v4-overnight-bias,v5-mtf-anchor",02:44:06,02:44:07
2026-05-08 02:54:02 CT,long,14,"v3-canon,v3-min2bar,v3-pctile,v3-trail,v3.1-canon,v3.1-min2bar,v3.1-pctile,v3.1-trail,v4-loose-shorts,v4-overnight-bias,v4-trend-flip,v4-trend-gate,v4-vol-regime,v5-mtf-anchor",02:54:02,02:54:07
2026-05-08 02:54:07 CT,long,3,"v3.1-min2bar,v4-loose-shorts,v4-overnight-bias",02:54:07,02:54:08
2026-05-08 03:04:01 CT,long,14,"v3-canon,v3-min2bar,v3-pctile,v3-trail,v3.1-canon,v3.1-min2bar,v3.1-pctile,v3.1-trail,v4-loose-shorts,v4-overnight-bias,v4-trend-flip,v4-trend-gate,v4-vol-regime,v5-mtf-anchor",03:04:01,03:04:08
2026-05-08 03:04:08 CT,long,3,"v3.1-min2bar,v4-loose-shorts,v4-overnight-bias",03:04:08,03:04:09
2026-05-08 03:10:01 CT,long,14,"v3-canon,v3-min2bar,v3-pctile,v3-trail,v3.1-canon,v3.1-min2bar,v3.1-pctile,v3.1-trail,v4-loose-shorts,v4-overnight-bias,v4-trend-flip,v4-trend-gate,v4-vol-regime,v5-mtf-anchor",03:10:01,03:10:06
2026-05-08 03:10:06 CT,long,6,"v3-pctile,v3.1-min2bar,v3.1-trail,v4-loose-shorts,v4-overnight-bias,v5-mtf-anchor",03:10:06,03:10:07
2026-05-08 03:18:02 CT,long,14,"v3-canon,v3-min2bar,v3-pctile,v3-trail,v3.1-canon,v3.1-min2bar,v3.1-pctile,v3.1-trail,v4-loose-shorts,v4-overnight-bias,v4-trend-flip,v4-trend-gate,v4-vol-regime,v5-mtf-anchor",03:18:02,03:18:07
2026-05-08 03:18:07 CT,long,4,"v3.1-min2bar,v4-loose-shorts,v4-overnight-bias,v4-vol-regime",03:18:07,03:18:08
2026-05-08 03:30:00 CT,long,14,"v3-canon,v3-min2bar,v3-pctile,v3-trail,v3.1-canon,v3.1-min2bar,v3.1-pctile,v3.1-trail,v4-loose-shorts,v4-overnight-bias,v4-trend-flip,v4-trend-gate,v4-vol-regime,v5-mtf-anchor",03:30:00,03:30:06
2026-05-08 03:30:06 CT,long,4,"v3.1-min2bar,v4-loose-shorts,v4-overnight-bias,v5-mtf-anchor",03:30:06,03:30:07
2026-05-08 03:38:02 CT,long,14,"v3-canon,v3-min2bar,v3-pctile,v3-trail,v3.1-canon,v3.1-min2bar,v3.1-pctile,v3.1-trail,v4-loose-shorts,v4-overnight-bias,v4-trend-flip,v4-trend-gate,v4-vol-regime,v5-mtf-anchor",03:38:02,03:38:05
2026-05-08 03:38:05 CT,long,6,"v3-pctile,v3.1-min2bar,v3.1-trail,v4-loose-shorts,v4-overnight-bias,v5-mtf-anchor",03:38:05,03:38:06
2026-05-08 03:48:01 CT,long,14,"v3-canon,v3-min2bar,v3-pctile,v3-trail,v3.1-canon,v3.1-min2bar,v3.1-pctile,v3.1-trail,v4-loose-shorts,v4-overnight-bias,v4-trend-flip,v4-trend-gate,v4-vol-regime,v5-mtf-anchor",03:48:01,03:48:05
2026-05-08 03:48:06 CT,long,5,"v3-pctile,v3.1-min2bar,v4-loose-shorts,v4-overnight-bias,v5-mtf-anchor",03:48:06,03:48:06
2026-05-08 03:54:01 CT,long,14,"v3-canon,v3-min2bar,v3-pctile,v3-trail,v3.1-canon,v3.1-min2bar,v3.1-pctile,v3.1-trail,v4-loose-shorts,v4-overnight-bias,v4-trend-flip,v4-trend-gate,v4-vol-regime,v5-mtf-anchor",03:54:01,03:54:06
2026-05-08 03:54:06 CT,long,5,"v3-pctile,v3.1-min2bar,v4-loose-shorts,v4-overnight-bias,v5-mtf-anchor",03:54:06,03:54:07
2026-05-08 04:00:01 CT,long,13,"v3-canon,v3-pctile,v3-trail,v3.1-canon,v3.1-min2bar,v3.1-pctile,v3.1-trail,v4-loose-shorts,v4-overnight-bias,v4-trend-flip,v4-trend-gate,v4-vol-regime,v5-mtf-anchor",04:00:01,04:00:05
2026-05-08 04:00:05 CT,long,5,"v3-pctile,v3.1-min2bar,v4-loose-shorts,v4-overnight-bias,v5-mtf-anchor",04:00:05,04:00:06
2026-05-08 04:18:01 CT,long,14,"v3-canon,v3-min2bar,v3-pctile,v3-trail,v3.1-canon,v3.1-min2bar,v3.1-pctile,v3.1-trail,v4-loose-shorts,v4-overnight-bias,v4-trend-flip,v4-trend-gate,v4-vol-regime,v5-mtf-anchor",04:18:01,04:18:06
2026-05-08 04:18:06 CT,long,4,"v3.1-min2bar,v4-loose-shorts,v4-overnight-bias,v5-mtf-anchor",04:18:06,04:18:06
2026-05-08 04:50:01 CT,long,12,"v3-canon,v3-min2bar,v3-pctile,v3-trail,v3.1-canon,v3.1-min2bar,v3.1-pctile,v3.1-trail,v4-loose-shorts,v4-overnight-bias,v4-vol-regime,v5-mtf-anchor",04:50:01,04:50:05
2026-05-08 04:50:06 CT,long,4,"v3.1-min2bar,v4-loose-shorts,v4-overnight-bias,v5-mtf-anchor",04:50:06,04:50:06
2026-05-08 05:12:01 CT,long,14,"v3-canon,v3-min2bar,v3-pctile,v3-trail,v3.1-canon,v3.1-min2bar,v3.1-pctile,v3.1-trail,v4-loose-shorts,v4-overnight-bias,v4-trend-flip,v4-trend-gate,v4-vol-regime,v5-mtf-anchor",05:12:01,05:12:06
2026-05-08 05:12:06 CT,long,13,"v3-canon,v3-pctile,v3-trail,v3.1-canon,v3.1-min2bar,v3.1-pctile,v3.1-trail,v4-loose-shorts,v4-overnight-bias,v4-trend-flip,v4-trend-gate,v4-vol-regime,v5-mtf-anchor",05:12:06,05:16:05
2026-05-08 05:16:05 CT,long,7,"v3-pctile,v3.1-min2bar,v3.1-trail,v4-loose-shorts,v4-overnight-bias,v4-vol-regime,v5-mtf-anchor",05:16:05,05:16:07
2026-05-08 05:22:01 CT,long,14,"v3-canon,v3-min2bar,v3-pctile,v3-trail,v3.1-canon,v3.1-min2bar,v3.1-pctile,v3.1-trail,v4-loose-shorts,v4-overnight-bias,v4-trend-flip,v4-trend-gate,v4-vol-regime,v5-mtf-anchor",05:22:01,05:22:06
2026-05-08 05:22:06 CT,long,3,"v3.1-min2bar,v4-loose-shorts,v4-overnight-bias",05:22:06,05:22:07
2026-05-08 05:28:02 CT,long,9,"v3-canon,v3-min2bar,v3-pctile,v3-trail,v3.1-canon,v3.1-min2bar,v3.1-trail,v4-trend-flip,v5-mtf-anchor",05:28:02,05:32:04
2026-05-08 06:10:01 CT,long,5,"v3-canon,v3-min2bar,v3-trail,v4-loose-shorts,v4-trend-flip",06:10:01,06:10:03
2026-05-08 06:44:01 CT,long,10,"v3-canon,v3-min2bar,v3-pctile,v3-trail,v4-loose-shorts,v4-overnight-bias,v4-trend-flip,v4-trend-gate,v4-vol-regime,v5-mtf-anchor",06:44:01,06:44:05
2026-05-08 06:50:01 CT,long,9,"v3-canon,v3-pctile,v3-trail,v4-loose-shorts,v4-overnight-bias,v4-trend-flip,v4-trend-gate,v4-vol-regime,v5-mtf-anchor",06:50:01,06:50:04
2026-05-08 07:28:00 CT,long,10,"v3-canon,v3-min2bar,v3-pctile,v3-trail,v4-loose-shorts,v4-overnight-bias,v4-trend-flip,v4-trend-gate,v4-vol-regime,v5-mtf-anchor",07:28:00,07:28:05
2026-05-08 07:28:05 CT,long,3,"v4-loose-shorts,v4-overnight-bias,v4-vol-regime",07:28:05,07:28:06
2026-05-08 07:52:01 CT,long,10,"v3-canon,v3-min2bar,v3-pctile,v3-trail,v4-loose-shorts,v4-overnight-bias,v4-trend-flip,v4-trend-gate,v4-vol-regime,v5-mtf-anchor",07:52:01,07:52:04
2026-05-08 07:52:04 CT,long,3,"v4-loose-shorts,v4-overnight-bias,v5-mtf-anchor",07:52:04,07:52:05
2026-05-08 07:58:01 CT,long,8,"v3-canon,v3-min2bar,v3-pctile,v3-trail,v4-loose-shorts,v4-overnight-bias,v4-vol-regime,v5-mtf-anchor",07:58:01,07:58:04
2026-05-08 07:58:04 CT,long,4,"v3-pctile,v4-loose-shorts,v4-overnight-bias,v5-mtf-anchor",07:58:04,07:58:05
2026-05-08 09:04:01 CT,long,6,"v3-canon,v3-min2bar,v3-trail,v4-trend-flip,v4-trend-gate,v5-mtf-anchor",09:04:01,09:04:02
2026-05-08 09:20:02 CT,long,8,"v3-canon,v3-min2bar,v3-trail,v4-overnight-bias,v4-trend-flip,v4-trend-gate,v4-vol-regime,v5-mtf-anchor",09:20:02,09:20:04
2026-05-08 09:26:01 CT,long,8,"v3-canon,v3-min2bar,v3-trail,v4-overnight-bias,v4-trend-flip,v4-trend-gate,v4-vol-regime,v5-mtf-anchor",09:26:01,09:26:04
2026-05-08 09:38:02 CT,long,8,"v3-canon,v3-min2bar,v3-trail,v4-overnight-bias,v4-trend-flip,v4-trend-gate,v4-vol-regime,v5-mtf-anchor",09:38:02,09:38:04
2026-05-08 09:44:00 CT,long,8,"v3-canon,v3-min2bar,v3-trail,v4-overnight-bias,v4-trend-flip,v4-trend-gate,v4-vol-regime,v5-mtf-anchor",09:44:00,09:44:04
2026-05-08 09:54:01 CT,long,8,"v3-canon,v3-min2bar,v3-trail,v4-overnight-bias,v4-trend-flip,v4-trend-gate,v4-vol-regime,v5-mtf-anchor",09:54:01,09:54:04
2026-05-08 10:02:01 CT,long,8,"v3-canon,v3-min2bar,v3-trail,v4-overnight-bias,v4-trend-flip,v4-trend-gate,v4-vol-regime,v5-mtf-anchor",10:02:01,10:02:04
2026-05-08 10:12:01 CT,long,8,"v3-canon,v3-min2bar,v3-trail,v4-overnight-bias,v4-trend-flip,v4-trend-gate,v4-vol-regime,v5-mtf-anchor",10:12:01,10:12:04
2026-05-08 10:20:01 CT,long,6,"v3-canon,v3-min2bar,v3-trail,v4-overnight-bias,v4-vol-regime,v5-mtf-anchor",10:20:01,10:20:03
2026-05-08 10:28:01 CT,long,8,"v3-canon,v3-min2bar,v3-pctile,v3-trail,v4-loose-shorts,v4-overnight-bias,v4-vol-regime,v5-mtf-anchor",10:28:01,10:28:04
2026-05-08 10:36:02 CT,long,9,"v3-canon,v3-min2bar,v3-pctile,v3-trail,v4-loose-shorts,v4-overnight-bias,v4-trend-gate,v4-vol-regime,v5-mtf-anchor",10:36:02,10:36:05
2026-05-08 10:46:00 CT,long,10,"v3-canon,v3-min2bar,v3-pctile,v3-trail,v4-loose-shorts,v4-overnight-bias,v4-trend-flip,v4-trend-gate,v4-vol-regime,v5-mtf-anchor",10:46:00,10:46:05
2026-05-08 10:46:05 CT,long,3,"v4-loose-shorts,v4-overnight-bias,v5-mtf-anchor",10:46:05,10:46:05
2026-05-08 10:58:00 CT,long,10,"v3-canon,v3-min2bar,v3-pctile,v3-trail,v4-loose-shorts,v4-overnight-bias,v4-trend-flip,v4-trend-gate,v4-vol-regime,v5-mtf-anchor",10:58:00,10:58:04
2026-05-08 10:58:05 CT,long,9,"v3-canon,v3-pctile,v3-trail,v4-loose-shorts,v4-overnight-bias,v4-trend-flip,v4-trend-gate,v4-vol-regime,v5-mtf-anchor",10:58:05,11:02:03
2026-05-08 11:02:03 CT,long,10,"v3-canon,v3-min2bar,v3-pctile,v3-trail,v4-loose-shorts,v4-overnight-bias,v4-trend-flip,v4-trend-gate,v4-vol-regime,v5-mtf-anchor",11:02:03,11:06:02
2026-05-08 11:06:02 CT,long,10,"v3-canon,v3-min2bar,v3-pctile,v3-trail,v4-loose-shorts,v4-overnight-bias,v4-trend-flip,v4-trend-gate,v4-vol-regime,v5-mtf-anchor",11:06:02,11:06:04
2026-05-08 11:14:01 CT,long,10,"v3-canon,v3-min2bar,v3-pctile,v3-trail,v4-loose-shorts,v4-overnight-bias,v4-trend-flip,v4-trend-gate,v4-vol-regime,v5-mtf-anchor",11:14:01,11:14:04
2026-05-08 11:14:04 CT,long,3,"v4-loose-shorts,v4-overnight-bias,v5-mtf-anchor",11:14:04,11:14:05
2026-05-08 12:36:01 CT,long,10,"v3-canon,v3-min2bar,v3-pctile,v3-trail,v4-loose-shorts,v4-overnight-bias,v4-trend-flip,v4-trend-gate,v4-vol-regime,v5-mtf-anchor",12:36:01,12:36:05
2026-05-08 12:46:02 CT,long,10,"v3-canon,v3-min2bar,v3-pctile,v3-trail,v4-loose-shorts,v4-overnight-bias,v4-trend-flip,v4-trend-gate,v4-vol-regime,v5-mtf-anchor",12:46:02,12:46:06
2026-05-08 12:46:06 CT,long,3,"v4-loose-shorts,v4-overnight-bias,v5-mtf-anchor",12:46:06,12:46:06
2026-05-08 12:54:00 CT,long,9,"v3-canon,v3-pctile,v3-trail,v4-loose-shorts,v4-overnight-bias,v4-trend-flip,v4-trend-gate,v4-vol-regime,v5-mtf-anchor",12:54:00,12:54:04
2026-05-08 12:54:04 CT,long,4,"v3-pctile,v4-loose-shorts,v4-overnight-bias,v5-mtf-anchor",12:54:04,12:54:05
2026-05-08 13:02:02 CT,long,10,"v3-canon,v3-min2bar,v3-pctile,v3-trail,v4-loose-shorts,v4-overnight-bias,v4-trend-flip,v4-trend-gate,v4-vol-regime,v5-mtf-anchor",13:02:02,13:02:05
2026-05-08 13:02:05 CT,long,9,"v3-canon,v3-pctile,v3-trail,v4-loose-shorts,v4-overnight-bias,v4-trend-flip,v4-trend-gate,v4-vol-regime,v5-mtf-anchor",13:02:05,13:06:03
2026-05-08 13:06:04 CT,long,8,"v3-canon,v3-pctile,v4-loose-shorts,v4-overnight-bias,v4-trend-flip,v4-trend-gate,v4-vol-regime,v5-mtf-anchor",13:06:04,13:06:06
2026-05-08 13:12:01 CT,long,10,"v3-canon,v3-min2bar,v3-pctile,v3-trail,v4-loose-shorts,v4-overnight-bias,v4-trend-flip,v4-trend-gate,v4-vol-regime,v5-mtf-anchor",13:12:01,13:12:05
2026-05-08 13:22:01 CT,long,14,"v3-canon,v3-min2bar,v3-pctile,v3-trail,v3.1-canon,v3.1-min2bar,v3.1-pctile,v3.1-trail,v4-loose-shorts,v4-overnight-bias,v4-trend-flip,v4-trend-gate,v4-vol-regime,v5-mtf-anchor",13:22:01,13:22:06
2026-05-08 13:22:06 CT,long,5,"v3-pctile,v3.1-min2bar,v4-loose-shorts,v4-overnight-bias,v5-mtf-anchor",13:22:06,13:22:07
2026-05-08 13:30:01 CT,long,12,"v3-canon,v3-pctile,v3-trail,v3.1-canon,v3.1-pctile,v3.1-trail,v4-loose-shorts,v4-overnight-bias,v4-trend-flip,v4-trend-gate,v4-vol-regime,v5-mtf-anchor",13:30:01,13:30:06
2026-05-08 13:44:01 CT,long,14,"v3-canon,v3-min2bar,v3-pctile,v3-trail,v3.1-canon,v3.1-min2bar,v3.1-pctile,v3.1-trail,v4-loose-shorts,v4-overnight-bias,v4-trend-flip,v4-trend-gate,v4-vol-regime,v5-mtf-anchor",13:44:01,13:44:07
2026-05-08 13:44:07 CT,long,3,"v3.1-min2bar,v4-loose-shorts,v4-overnight-bias",13:44:07,13:44:07
2026-05-08 13:58:01 CT,long,8,"v3-canon,v3-min2bar,v3-pctile,v3-trail,v4-loose-shorts,v4-overnight-bias,v4-vol-regime,v5-mtf-anchor",13:58:01,13:58:05
2026-05-08 13:58:05 CT,long,7,"v3-canon,v3-pctile,v3-trail,v4-loose-shorts,v4-overnight-bias,v4-vol-regime,v5-mtf-anchor",13:58:05,14:02:02
2026-05-08 14:02:03 CT,long,6,"v3-canon,v3-pctile,v4-loose-shorts,v4-overnight-bias,v4-vol-regime,v5-mtf-anchor",14:02:03,14:02:04
2026-05-08 14:08:02 CT,long,8,"v3-canon,v3-min2bar,v3-pctile,v3-trail,v4-loose-shorts,v4-overnight-bias,v4-vol-regime,v5-mtf-anchor",14:08:02,14:08:05
2026-05-08 14:08:05 CT,long,7,"v3-canon,v3-pctile,v3-trail,v4-loose-shorts,v4-overnight-bias,v4-vol-regime,v5-mtf-anchor",14:08:05,14:12:03
2026-05-08 14:12:03 CT,long,12,"v3-canon,v3-min2bar,v3-pctile,v3-trail,v3.1-canon,v3.1-min2bar,v3.1-pctile,v3.1-trail,v4-loose-shorts,v4-overnight-bias,v4-vol-regime,v5-mtf-anchor",14:12:03,14:16:04
2026-05-08 14:16:04 CT,long,7,"v3-pctile,v3.1-min2bar,v3.1-trail,v4-loose-shorts,v4-overnight-bias,v4-vol-regime,v5-mtf-anchor",14:16:04,14:16:06
2026-05-08 14:32:01 CT,long,9,"v3-canon,v3-min2bar,v3-pctile,v3-trail,v4-loose-shorts,v4-overnight-bias,v4-trend-gate,v4-vol-regime,v5-mtf-anchor",14:32:01,14:32:04
2026-05-08 14:32:04 CT,long,4,"v3-pctile,v4-loose-shorts,v4-overnight-bias,v5-mtf-anchor",14:32:04,14:32:05
2026-05-08 14:52:00 CT,long,10,"v3-canon,v3-min2bar,v3-pctile,v3-trail,v4-loose-shorts,v4-overnight-bias,v4-trend-flip,v4-trend-gate,v4-vol-regime,v5-mtf-anchor",14:52:00,14:52:04
2026-05-08 14:52:05 CT,long,3,"v4-loose-shorts,v4-overnight-bias,v4-vol-regime",14:52:05,14:52:05
2026-05-08 15:14:01 CT,long,14,"v3-canon,v3-min2bar,v3-pctile,v3-trail,v3.1-canon,v3.1-min2bar,v3.1-pctile,v3.1-trail,v4-loose-shorts,v4-overnight-bias,v4-trend-flip,v4-trend-gate,v4-vol-regime,v5-mtf-anchor",15:14:01,15:14:07
2026-05-08 15:22:02 CT,long,14,"v3-canon,v3-min2bar,v3-pctile,v3-trail,v3.1-canon,v3.1-min2bar,v3.1-pctile,v3.1-trail,v4-loose-shorts,v4-overnight-bias,v4-trend-flip,v4-trend-gate,v4-vol-regime,v5-mtf-anchor",15:22:02,15:22:07
2026-05-08 15:30:01 CT,long,14,"v3-canon,v3-min2bar,v3-pctile,v3-trail,v3.1-canon,v3.1-min2bar,v3.1-pctile,v3.1-trail,v4-loose-shorts,v4-overnight-bias,v4-trend-flip,v4-trend-gate,v4-vol-regime,v5-mtf-anchor",15:30:01,15:30:08
2026-05-08 15:34:02 CT,long,13,"v3-canon,v3-pctile,v3-trail,v3.1-canon,v3.1-min2bar,v3.1-pctile,v3.1-trail,v4-loose-shorts,v4-overnight-bias,v4-trend-flip,v4-trend-gate,v4-vol-regime,v5-mtf-anchor",15:34:02,15:34:07
2026-05-08 15:42:02 CT,long,4,"v3.1-canon,v3.1-min2bar,v3.1-pctile,v3.1-trail",15:42:02,15:42:03
2026-05-08 15:54:01 CT,long,11,"v3-canon,v3-min2bar,v3-trail,v3.1-canon,v3.1-min2bar,v3.1-trail,v4-overnight-bias,v4-trend-flip,v4-trend-gate,v4-vol-regime,v5-mtf-anchor",15:54:01,15:54:05
2026-05-10 17:42:02 CT,long,15,"v3-armor,v3-canon,v3-min2bar,v3-pctile,v3-trail,v3.1-armor,v3.1-canon,v3.1-min2bar,v3.1-pctile,v3.1-trail,v4-overnight-bias,v4-trend-flip,v4-trend-gate,v4-vol-regime,v5-mtf-anchor",17:42:02,17:42:08
2026-05-10 19:20:02 CT,long,14,"v3-canon,v3-min2bar,v3-pctile,v3-trail,v3.1-canon,v3.1-min2bar,v3.1-pctile,v3.1-trail,v4-loose-shorts,v4-overnight-bias,v4-trend-flip,v4-trend-gate,v4-vol-regime,v5-mtf-anchor",19:20:02,19:20:07
2026-05-10 19:30:02 CT,long,14,"v3-canon,v3-min2bar,v3-pctile,v3-trail,v3.1-canon,v3.1-min2bar,v3.1-pctile,v3.1-trail,v4-loose-shorts,v4-overnight-bias,v4-trend-flip,v4-trend-gate,v4-vol-regime,v5-mtf-anchor",19:30:02,19:30:07
2026-05-10 19:36:01 CT,long,14,"v3-canon,v3-min2bar,v3-pctile,v3-trail,v3.1-canon,v3.1-min2bar,v3.1-pctile,v3.1-trail,v4-loose-shorts,v4-overnight-bias,v4-trend-flip,v4-trend-gate,v4-vol-regime,v5-mtf-anchor",19:36:01,19:36:08
2026-05-10 19:42:02 CT,long,14,"v3-canon,v3-min2bar,v3-pctile,v3-trail,v3.1-canon,v3.1-min2bar,v3.1-pctile,v3.1-trail,v4-loose-shorts,v4-overnight-bias,v4-trend-flip,v4-trend-gate,v4-vol-regime,v5-mtf-anchor",19:42:02,19:42:07
2026-05-10 19:58:02 CT,long,8,"v3-canon,v3-min2bar,v3-pctile,v3-trail,v4-loose-shorts,v4-overnight-bias,v4-vol-regime,v5-mtf-anchor",19:58:02,19:58:05
2026-05-10 20:06:01 CT,long,8,"v3-canon,v3-min2bar,v3-pctile,v3-trail,v4-loose-shorts,v4-overnight-bias,v4-vol-regime,v5-mtf-anchor",20:06:01,20:06:04
2026-05-10 20:16:01 CT,long,8,"v3-canon,v3-min2bar,v3-pctile,v3-trail,v4-loose-shorts,v4-overnight-bias,v4-vol-regime,v5-mtf-anchor",20:16:01,20:16:04
2026-05-10 20:24:00 CT,long,10,"v3-canon,v3-min2bar,v3-pctile,v3-trail,v4-loose-shorts,v4-overnight-bias,v4-trend-flip,v4-trend-gate,v4-vol-regime,v5-mtf-anchor",20:24:00,20:24:04
2026-05-10 20:34:01 CT,long,14,"v3-canon,v3-min2bar,v3-pctile,v3-trail,v3.1-canon,v3.1-min2bar,v3.1-pctile,v3.1-trail,v4-loose-shorts,v4-overnight-bias,v4-trend-flip,v4-trend-gate,v4-vol-regime,v5-mtf-anchor",20:34:01,20:34:07
2026-05-10 20:38:02 CT,long,13,"v3-canon,v3-pctile,v3-trail,v3.1-canon,v3.1-min2bar,v3.1-pctile,v3.1-trail,v4-loose-shorts,v4-overnight-bias,v4-trend-flip,v4-trend-gate,v4-vol-regime,v5-mtf-anchor",20:38:02,20:38:06
2026-05-10 20:54:01 CT,long,14,"v3-canon,v3-min2bar,v3-pctile,v3-trail,v3.1-canon,v3.1-min2bar,v3.1-pctile,v3.1-trail,v4-loose-shorts,v4-overnight-bias,v4-trend-flip,v4-trend-gate,v4-vol-regime,v5-mtf-anchor",20:54:01,20:54:05
2026-05-10 21:00:01 CT,long,12,"v3-canon,v3-pctile,v3-trail,v3.1-canon,v3.1-pctile,v3.1-trail,v4-loose-shorts,v4-overnight-bias,v4-trend-flip,v4-trend-gate,v4-vol-regime,v5-mtf-anchor",21:00:01,21:00:05
2026-05-10 21:12:00 CT,long,14,"v3-canon,v3-min2bar,v3-pctile,v3-trail,v3.1-canon,v3.1-min2bar,v3.1-pctile,v3.1-trail,v4-loose-shorts,v4-overnight-bias,v4-trend-flip,v4-trend-gate,v4-vol-regime,v5-mtf-anchor",21:12:00,21:12:07
2026-05-10 21:18:00 CT,long,14,"v3-canon,v3-min2bar,v3-pctile,v3-trail,v3.1-canon,v3.1-min2bar,v3.1-pctile,v3.1-trail,v4-loose-shorts,v4-overnight-bias,v4-trend-flip,v4-trend-gate,v4-vol-regime,v5-mtf-anchor",21:18:00,21:22:04
2026-05-10 21:22:04 CT,long,7,"v3.1-pctile,v4-loose-shorts,v4-overnight-bias,v4-trend-flip,v4-trend-gate,v4-vol-regime,v5-mtf-anchor",21:22:04,21:22:06
2026-05-10 21:36:02 CT,long,14,"v3-canon,v3-min2bar,v3-pctile,v3-trail,v3.1-canon,v3.1-min2bar,v3.1-pctile,v3.1-trail,v4-loose-shorts,v4-overnight-bias,v4-trend-flip,v4-trend-gate,v4-vol-regime,v5-mtf-anchor",21:36:02,21:36:07
2026-05-10 21:40:02 CT,long,14,"v3-canon,v3-min2bar,v3-pctile,v3-trail,v3.1-canon,v3.1-min2bar,v3.1-pctile,v3.1-trail,v4-loose-shorts,v4-overnight-bias,v4-trend-flip,v4-trend-gate,v4-vol-regime,v5-mtf-anchor",21:40:02,21:44:03
2026-05-10 21:44:04 CT,long,7,"v3.1-pctile,v4-loose-shorts,v4-overnight-bias,v4-trend-flip,v4-trend-gate,v4-vol-regime,v5-mtf-anchor",21:44:04,21:44:07
2026-05-10 21:52:00 CT,long,14,"v3-canon,v3-min2bar,v3-pctile,v3-trail,v3.1-canon,v3.1-min2bar,v3.1-pctile,v3.1-trail,v4-loose-shorts,v4-overnight-bias,v4-trend-flip,v4-trend-gate,v4-vol-regime,v5-mtf-anchor",21:52:00,21:52:07
2026-05-10 22:04:00 CT,long,14,"v3-canon,v3-min2bar,v3-pctile,v3-trail,v3.1-canon,v3.1-min2bar,v3.1-pctile,v3.1-trail,v4-loose-shorts,v4-overnight-bias,v4-trend-flip,v4-trend-gate,v4-vol-regime,v5-mtf-anchor",22:04:00,22:04:07
2026-05-10 22:10:00 CT,long,12,"v3-canon,v3-pctile,v3-trail,v3.1-canon,v3.1-pctile,v3.1-trail,v4-loose-shorts,v4-overnight-bias,v4-trend-flip,v4-trend-gate,v4-vol-regime,v5-mtf-anchor",22:10:00,22:10:06
2026-05-10 22:20:02 CT,long,12,"v3-canon,v3-min2bar,v3-pctile,v3-trail,v3.1-canon,v3.1-min2bar,v3.1-pctile,v3.1-trail,v4-loose-shorts,v4-overnight-bias,v4-vol-regime,v5-mtf-anchor",22:20:02,22:20:06
2026-05-10 22:26:01 CT,long,14,"v3-canon,v3-min2bar,v3-pctile,v3-trail,v3.1-canon,v3.1-min2bar,v3.1-pctile,v3.1-trail,v4-loose-shorts,v4-overnight-bias,v4-trend-flip,v4-trend-gate,v4-vol-regime,v5-mtf-anchor",22:26:01,22:30:06
2026-05-10 22:40:01 CT,long,14,"v3-canon,v3-min2bar,v3-pctile,v3-trail,v3.1-canon,v3.1-min2bar,v3.1-pctile,v3.1-trail,v4-loose-shorts,v4-overnight-bias,v4-trend-flip,v4-trend-gate,v4-vol-regime,v5-mtf-anchor",22:40:01,22:40:05
2026-05-10 22:54:02 CT,long,14,"v3-canon,v3-min2bar,v3-pctile,v3-trail,v3.1-canon,v3.1-min2bar,v3.1-pctile,v3.1-trail,v4-loose-shorts,v4-overnight-bias,v4-trend-flip,v4-trend-gate,v4-vol-regime,v5-mtf-anchor",22:54:02,22:54:07
2026-05-10 23:08:01 CT,long,12,"v3-canon,v3-min2bar,v3-pctile,v3-trail,v3.1-canon,v3.1-min2bar,v3.1-pctile,v3.1-trail,v4-loose-shorts,v4-overnight-bias,v4-vol-regime,v5-mtf-anchor",23:08:01,23:08:06
2026-05-10 23:12:00 CT,long,12,"v3-canon,v3-min2bar,v3-pctile,v3-trail,v3.1-canon,v3.1-min2bar,v3.1-pctile,v3.1-trail,v4-loose-shorts,v4-overnight-bias,v4-vol-regime,v5-mtf-anchor",23:12:00,23:16:05
2026-05-10 23:16:06 CT,long,5,"v3.1-pctile,v4-loose-shorts,v4-overnight-bias,v4-vol-regime,v5-mtf-anchor",23:16:06,23:16:08
2026-05-10 23:22:02 CT,long,12,"v3-canon,v3-min2bar,v3-pctile,v3-trail,v3.1-canon,v3.1-min2bar,v3.1-pctile,v3.1-trail,v4-loose-shorts,v4-overnight-bias,v4-vol-regime,v5-mtf-anchor",23:22:02,23:22:07
2026-05-10 23:36:01 CT,long,14,"v3-canon,v3-min2bar,v3-pctile,v3-trail,v3.1-canon,v3.1-min2bar,v3.1-pctile,v3.1-trail,v4-loose-shorts,v4-overnight-bias,v4-trend-flip,v4-trend-gate,v4-vol-regime,v5-mtf-anchor",23:36:01,23:36:06
2026-05-10 23:44:00 CT,long,14,"v3-canon,v3-min2bar,v3-pctile,v3-trail,v3.1-canon,v3.1-min2bar,v3.1-pctile,v3.1-trail,v4-loose-shorts,v4-overnight-bias,v4-trend-flip,v4-trend-gate,v4-vol-regime,v5-mtf-anchor",23:44:00,23:44:06
2026-05-10 23:52:02 CT,long,14,"v3-canon,v3-min2bar,v3-pctile,v3-trail,v3.1-canon,v3.1-min2bar,v3.1-pctile,v3.1-trail,v4-loose-shorts,v4-overnight-bias,v4-trend-flip,v4-trend-gate,v4-vol-regime,v5-mtf-anchor",23:52:02,23:52:07
2026-05-11 00:00:02 CT,long,14,"v3-canon,v3-min2bar,v3-pctile,v3-trail,v3.1-canon,v3.1-min2bar,v3.1-pctile,v3.1-trail,v4-loose-shorts,v4-overnight-bias,v4-trend-flip,v4-trend-gate,v4-vol-regime,v5-mtf-anchor",00:00:02,00:00:06
2026-05-11 00:18:02 CT,long,14,"v3-canon,v3-min2bar,v3-pctile,v3-trail,v3.1-canon,v3.1-min2bar,v3.1-pctile,v3.1-trail,v4-loose-shorts,v4-overnight-bias,v4-trend-flip,v4-trend-gate,v4-vol-regime,v5-mtf-anchor",00:18:02,00:18:08
2026-05-11 00:24:02 CT,long,14,"v3-canon,v3-min2bar,v3-pctile,v3-trail,v3.1-canon,v3.1-min2bar,v3.1-pctile,v3.1-trail,v4-loose-shorts,v4-overnight-bias,v4-trend-flip,v4-trend-gate,v4-vol-regime,v5-mtf-anchor",00:24:02,00:24:06
2026-05-11 00:28:02 CT,long,13,"v3-canon,v3-pctile,v3-trail,v3.1-canon,v3.1-min2bar,v3.1-pctile,v3.1-trail,v4-loose-shorts,v4-overnight-bias,v4-trend-flip,v4-trend-gate,v4-vol-regime,v5-mtf-anchor",00:28:02,00:28:07
2026-05-11 00:50:02 CT,long,14,"v3-canon,v3-min2bar,v3-pctile,v3-trail,v3.1-canon,v3.1-min2bar,v3.1-pctile,v3.1-trail,v4-loose-shorts,v4-overnight-bias,v4-trend-flip,v4-trend-gate,v4-vol-regime,v5-mtf-anchor",00:50:02,00:50:07
2026-05-11 01:02:02 CT,long,12,"v3-canon,v3-min2bar,v3-pctile,v3-trail,v3.1-canon,v3.1-min2bar,v3.1-pctile,v3.1-trail,v4-loose-shorts,v4-overnight-bias,v4-vol-regime,v5-mtf-anchor",01:02:02,01:02:06
2026-05-11 01:22:02 CT,long,14,"v3-canon,v3-min2bar,v3-pctile,v3-trail,v3.1-canon,v3.1-min2bar,v3.1-pctile,v3.1-trail,v4-loose-shorts,v4-overnight-bias,v4-trend-flip,v4-trend-gate,v4-vol-regime,v5-mtf-anchor",01:22:02,01:22:07
2026-05-11 01:52:01 CT,long,12,"v3-canon,v3-min2bar,v3-pctile,v3-trail,v3.1-canon,v3.1-min2bar,v3.1-pctile,v3.1-trail,v4-loose-shorts,v4-overnight-bias,v4-vol-regime,v5-mtf-anchor",01:52:01,01:52:06
2026-05-11 02:06:01 CT,long,14,"v3-canon,v3-min2bar,v3-pctile,v3-trail,v3.1-canon,v3.1-min2bar,v3.1-pctile,v3.1-trail,v4-loose-shorts,v4-overnight-bias,v4-trend-flip,v4-trend-gate,v4-vol-regime,v5-mtf-anchor",02:06:01,02:06:06
2026-05-11 02:12:02 CT,long,14,"v3-canon,v3-min2bar,v3-pctile,v3-trail,v3.1-canon,v3.1-min2bar,v3.1-pctile,v3.1-trail,v4-loose-shorts,v4-overnight-bias,v4-trend-flip,v4-trend-gate,v4-vol-regime,v5-mtf-anchor",02:12:02,02:12:07
2026-05-11 02:20:01 CT,long,14,"v3-canon,v3-min2bar,v3-pctile,v3-trail,v3.1-canon,v3.1-min2bar,v3.1-pctile,v3.1-trail,v4-loose-shorts,v4-overnight-bias,v4-trend-flip,v4-trend-gate,v4-vol-regime,v5-mtf-anchor",02:20:01,02:20:07
2026-05-11 02:32:00 CT,long,14,"v3-canon,v3-min2bar,v3-pctile,v3-trail,v3.1-canon,v3.1-min2bar,v3.1-pctile,v3.1-trail,v4-loose-shorts,v4-overnight-bias,v4-trend-flip,v4-trend-gate,v4-vol-regime,v5-mtf-anchor",02:32:00,02:32:05
2026-05-11 02:38:01 CT,long,14,"v3-canon,v3-min2bar,v3-pctile,v3-trail,v3.1-canon,v3.1-min2bar,v3.1-pctile,v3.1-trail,v4-loose-shorts,v4-overnight-bias,v4-trend-flip,v4-trend-gate,v4-vol-regime,v5-mtf-anchor",02:38:01,02:38:06
2026-05-11 02:50:02 CT,long,14,"v3-canon,v3-min2bar,v3-pctile,v3-trail,v3.1-canon,v3.1-min2bar,v3.1-pctile,v3.1-trail,v4-loose-shorts,v4-overnight-bias,v4-trend-flip,v4-trend-gate,v4-vol-regime,v5-mtf-anchor",02:50:02,02:50:07
2026-05-11 02:54:01 CT,long,13,"v3-canon,v3-pctile,v3-trail,v3.1-canon,v3.1-min2bar,v3.1-pctile,v3.1-trail,v4-loose-shorts,v4-overnight-bias,v4-trend-flip,v4-trend-gate,v4-vol-regime,v5-mtf-anchor",02:54:01,02:54:06
2026-05-11 03:00:01 CT,long,14,"v3-canon,v3-min2bar,v3-pctile,v3-trail,v3.1-canon,v3.1-min2bar,v3.1-pctile,v3.1-trail,v4-loose-shorts,v4-overnight-bias,v4-trend-flip,v4-trend-gate,v4-vol-regime,v5-mtf-anchor",03:00:01,03:00:06
2026-05-11 03:04:02 CT,long,12,"v3-canon,v3-pctile,v3-trail,v3.1-canon,v3.1-pctile,v3.1-trail,v4-loose-shorts,v4-overnight-bias,v4-trend-flip,v4-trend-gate,v4-vol-regime,v5-mtf-anchor",03:04:02,03:04:06
2026-05-11 03:12:02 CT,long,10,"v3-canon,v3-min2bar,v3-pctile,v3-trail,v4-loose-shorts,v4-overnight-bias,v4-trend-flip,v4-trend-gate,v4-vol-regime,v5-mtf-anchor",03:12:02,03:12:06
2026-05-11 03:20:01 CT,long,4,"v3.1-canon,v3.1-min2bar,v3.1-pctile,v3.1-trail",03:20:01,03:20:03
2026-05-11 03:32:02 CT,long,10,"v3-canon,v3-min2bar,v3-pctile,v3-trail,v4-loose-shorts,v4-overnight-bias,v4-trend-flip,v4-trend-gate,v4-vol-regime,v5-mtf-anchor",03:32:02,03:32:05
2026-05-11 03:38:02 CT,long,14,"v3-canon,v3-min2bar,v3-pctile,v3-trail,v3.1-canon,v3.1-min2bar,v3.1-pctile,v3.1-trail,v4-loose-shorts,v4-overnight-bias,v4-trend-flip,v4-trend-gate,v4-vol-regime,v5-mtf-anchor",03:38:02,03:38:07
2026-05-11 03:42:00 CT,long,13,"v3-canon,v3-pctile,v3-trail,v3.1-canon,v3.1-min2bar,v3.1-pctile,v3.1-trail,v4-loose-shorts,v4-overnight-bias,v4-trend-flip,v4-trend-gate,v4-vol-regime,v5-mtf-anchor",03:42:00,03:42:07
2026-05-11 03:50:02 CT,long,14,"v3-canon,v3-min2bar,v3-pctile,v3-trail,v3.1-canon,v3.1-min2bar,v3.1-pctile,v3.1-trail,v4-loose-shorts,v4-overnight-bias,v4-trend-flip,v4-trend-gate,v4-vol-regime,v5-mtf-anchor",03:50:02,03:50:07
2026-05-11 03:54:02 CT,long,9,"v3-canon,v3-trail,v3.1-canon,v3.1-trail,v4-overnight-bias,v4-trend-flip,v4-trend-gate,v4-vol-regime,v5-mtf-anchor",03:54:02,03:54:05
2026-05-11 04:02:01 CT,long,14,"v3-canon,v3-min2bar,v3-pctile,v3-trail,v3.1-canon,v3.1-min2bar,v3.1-pctile,v3.1-trail,v4-loose-shorts,v4-overnight-bias,v4-trend-flip,v4-trend-gate,v4-vol-regime,v5-mtf-anchor",04:02:01,04:02:07
2026-05-11 04:10:02 CT,long,14,"v3-canon,v3-min2bar,v3-pctile,v3-trail,v3.1-canon,v3.1-min2bar,v3.1-pctile,v3.1-trail,v4-loose-shorts,v4-overnight-bias,v4-trend-flip,v4-trend-gate,v4-vol-regime,v5-mtf-anchor",04:10:02,04:10:07
2026-05-11 04:18:01 CT,long,13,"v3-canon,v3-pctile,v3-trail,v3.1-canon,v3.1-min2bar,v3.1-pctile,v3.1-trail,v4-loose-shorts,v4-overnight-bias,v4-trend-flip,v4-trend-gate,v4-vol-regime,v5-mtf-anchor",04:18:01,04:18:06
2026-05-11 04:32:01 CT,long,14,"v3-canon,v3-min2bar,v3-pctile,v3-trail,v3.1-canon,v3.1-min2bar,v3.1-pctile,v3.1-trail,v4-loose-shorts,v4-overnight-bias,v4-trend-flip,v4-trend-gate,v4-vol-regime,v5-mtf-anchor",04:32:01,04:32:07
2026-05-11 04:42:02 CT,long,12,"v3-canon,v3-pctile,v3-trail,v3.1-canon,v3.1-pctile,v3.1-trail,v4-loose-shorts,v4-overnight-bias,v4-trend-flip,v4-trend-gate,v4-vol-regime,v5-mtf-anchor",04:42:02,04:42:06
2026-05-11 04:58:03 CT,long,14,"v3-canon,v3-min2bar,v3-pctile,v3-trail,v3.1-canon,v3.1-min2bar,v3.1-pctile,v3.1-trail,v4-loose-shorts,v4-overnight-bias,v4-trend-flip,v4-trend-gate,v4-vol-regime,v5-mtf-anchor",04:58:03,04:58:08
2026-05-11 05:02:02 CT,long,13,"v3-canon,v3-pctile,v3-trail,v3.1-canon,v3.1-min2bar,v3.1-pctile,v3.1-trail,v4-loose-shorts,v4-overnight-bias,v4-trend-flip,v4-trend-gate,v4-vol-regime,v5-mtf-anchor",05:02:02,05:02:06
2026-05-11 05:08:02 CT,long,14,"v3-canon,v3-min2bar,v3-pctile,v3-trail,v3.1-canon,v3.1-min2bar,v3.1-pctile,v3.1-trail,v4-loose-shorts,v4-overnight-bias,v4-trend-flip,v4-trend-gate,v4-vol-regime,v5-mtf-anchor",05:08:02,05:08:08
2026-05-11 05:16:02 CT,long,12,"v3-canon,v3-min2bar,v3-pctile,v3-trail,v3.1-canon,v3.1-min2bar,v3.1-pctile,v3.1-trail,v4-loose-shorts,v4-overnight-bias,v4-vol-regime,v5-mtf-anchor",05:16:02,05:16:06
2026-05-11 05:26:01 CT,long,12,"v3-canon,v3-min2bar,v3-pctile,v3-trail,v3.1-canon,v3.1-min2bar,v3.1-pctile,v3.1-trail,v4-loose-shorts,v4-overnight-bias,v4-vol-regime,v5-mtf-anchor",05:26:01,05:26:06
2026-05-11 05:34:02 CT,long,7,"v3-canon,v3-trail,v3.1-canon,v3.1-trail,v4-overnight-bias,v4-vol-regime,v5-mtf-anchor",05:34:02,05:34:04
2026-05-11 05:44:03 CT,long,12,"v3-canon,v3-min2bar,v3-pctile,v3-trail,v3.1-canon,v3.1-min2bar,v3.1-pctile,v3.1-trail,v4-loose-shorts,v4-overnight-bias,v4-vol-regime,v5-mtf-anchor",05:44:03,05:44:08
2026-05-11 05:50:02 CT,long,10,"v3-canon,v3-pctile,v3-trail,v3.1-canon,v3.1-pctile,v3.1-trail,v4-loose-shorts,v4-overnight-bias,v4-vol-regime,v5-mtf-anchor",05:50:02,05:50:05
2026-05-11 06:02:01 CT,long,8,"v3-canon,v3-min2bar,v3-pctile,v3-trail,v4-loose-shorts,v4-overnight-bias,v4-vol-regime,v5-mtf-anchor",06:02:01,06:02:05
2026-05-11 06:08:02 CT,long,10,"v3-canon,v3-min2bar,v3-pctile,v3-trail,v4-loose-shorts,v4-overnight-bias,v4-trend-flip,v4-trend-gate,v4-vol-regime,v5-mtf-anchor",06:08:02,06:08:05
2026-05-11 06:16:02 CT,long,10,"v3-canon,v3-min2bar,v3-pctile,v3-trail,v4-loose-shorts,v4-overnight-bias,v4-trend-flip,v4-trend-gate,v4-vol-regime,v5-mtf-anchor",06:16:02,06:16:06
2026-05-11 06:28:02 CT,long,10,"v3-canon,v3-min2bar,v3-pctile,v3-trail,v4-loose-shorts,v4-overnight-bias,v4-trend-flip,v4-trend-gate,v4-vol-regime,v5-mtf-anchor",06:28:02,06:28:06
2026-05-11 06:36:01 CT,long,10,"v3-canon,v3-min2bar,v3-pctile,v3-trail,v4-loose-shorts,v4-overnight-bias,v4-trend-flip,v4-trend-gate,v4-vol-regime,v5-mtf-anchor",06:36:01,06:40:08
2026-05-11 06:54:02 CT,long,10,"v3-canon,v3-min2bar,v3-pctile,v3-trail,v4-loose-shorts,v4-overnight-bias,v4-trend-flip,v4-trend-gate,v4-vol-regime,v5-mtf-anchor",06:54:02,06:54:05
2026-05-11 07:14:02 CT,long,8,"v3-canon,v3-min2bar,v3-pctile,v3-trail,v4-loose-shorts,v4-overnight-bias,v4-vol-regime,v5-mtf-anchor",07:14:02,07:14:05
2026-05-11 07:24:02 CT,long,8,"v3-canon,v3-min2bar,v3-pctile,v3-trail,v4-loose-shorts,v4-overnight-bias,v4-vol-regime,v5-mtf-anchor",07:24:02,07:24:04
2026-05-11 07:28:01 CT,long,7,"v3-canon,v3-pctile,v3-trail,v4-loose-shorts,v4-overnight-bias,v4-vol-regime,v5-mtf-anchor",07:28:01,07:28:04
2026-05-11 07:36:02 CT,long,10,"v3-canon,v3-min2bar,v3-pctile,v3-trail,v4-loose-shorts,v4-overnight-bias,v4-trend-flip,v4-trend-gate,v4-vol-regime,v5-mtf-anchor",07:36:02,07:36:05
2026-05-11 07:46:02 CT,long,10,"v3-canon,v3-min2bar,v3-pctile,v3-trail,v4-loose-shorts,v4-overnight-bias,v4-trend-flip,v4-trend-gate,v4-vol-regime,v5-mtf-anchor",07:46:02,07:46:05
2026-05-11 07:50:02 CT,long,9,"v3-canon,v3-min2bar,v3-pctile,v3-trail,v4-loose-shorts,v4-overnight-bias,v4-trend-flip,v4-trend-gate,v5-mtf-anchor",07:50:02,07:50:05
2026-05-11 08:04:02 CT,long,8,"v3-canon,v3-min2bar,v3-pctile,v3-trail,v4-loose-shorts,v4-overnight-bias,v4-vol-regime,v5-mtf-anchor",08:04:02,08:04:05
2026-05-11 08:10:02 CT,long,10,"v3-canon,v3-min2bar,v3-pctile,v3-trail,v4-loose-shorts,v4-overnight-bias,v4-trend-flip,v4-trend-gate,v4-vol-regime,v5-mtf-anchor",08:10:02,08:14:04
2026-05-11 08:22:02 CT,long,10,"v3-canon,v3-min2bar,v3-pctile,v3-trail,v4-loose-shorts,v4-overnight-bias,v4-trend-flip,v4-trend-gate,v4-vol-regime,v5-mtf-anchor",08:22:02,08:22:06
2026-05-11 08:30:02 CT,long,10,"v3-canon,v3-min2bar,v3-pctile,v3-trail,v4-loose-shorts,v4-overnight-bias,v4-trend-flip,v4-trend-gate,v4-vol-regime,v5-mtf-anchor",08:30:02,08:30:05
2026-05-11 08:38:17 CT,long,8,"v3-canon,v3-min2bar,v3-trail,v4-overnight-bias,v4-trend-flip,v4-trend-gate,v4-vol-regime,v5-mtf-anchor",08:38:17,08:38:20
2026-05-11 08:54:02 CT,long,8,"v3-canon,v3-min2bar,v3-trail,v4-overnight-bias,v4-trend-flip,v4-trend-gate,v4-vol-regime,v5-mtf-anchor",08:54:02,08:54:05
2026-05-11 08:58:03 CT,long,7,"v3-canon,v3-trail,v4-overnight-bias,v4-trend-flip,v4-trend-gate,v4-vol-regime,v5-mtf-anchor",08:58:03,08:58:05
2026-05-11 09:06:02 CT,long,8,"v3-canon,v3-min2bar,v3-trail,v4-overnight-bias,v4-trend-flip,v4-trend-gate,v4-vol-regime,v5-mtf-anchor",09:06:02,09:06:05
2026-05-11 09:14:03 CT,long,8,"v3-canon,v3-min2bar,v3-trail,v4-overnight-bias,v4-trend-flip,v4-trend-gate,v4-vol-regime,v5-mtf-anchor",09:14:03,09:14:06
2026-05-11 09:34:02 CT,long,8,"v3-canon,v3-min2bar,v3-trail,v4-overnight-bias,v4-trend-flip,v4-trend-gate,v4-vol-regime,v5-mtf-anchor",09:34:02,09:34:04
2026-05-11 09:42:02 CT,long,8,"v3-canon,v3-min2bar,v3-trail,v4-overnight-bias,v4-trend-flip,v4-trend-gate,v4-vol-regime,v5-mtf-anchor",09:42:02,09:42:05
2026-05-11 09:46:01 CT,long,8,"v3-canon,v3-min2bar,v3-trail,v4-overnight-bias,v4-trend-flip,v4-trend-gate,v4-vol-regime,v5-mtf-anchor",09:46:01,09:48:03
2026-05-11 09:48:03 CT,long,5,"v4-overnight-bias,v4-trend-flip,v4-trend-gate,v4-vol-regime,v5-mtf-anchor",09:48:03,09:48:05
2026-05-11 10:00:02 CT,long,11,"v3-canon,v3-min2bar,v3-trail,v3.1-canon,v3.1-min2bar,v3.1-trail,v4-overnight-bias,v4-trend-flip,v4-trend-gate,v4-vol-regime,v5-mtf-anchor",10:00:02,10:04:03
2026-05-11 10:04:03 CT,long,6,"v3-min2bar,v4-overnight-bias,v4-trend-flip,v4-trend-gate,v4-vol-regime,v5-mtf-anchor",10:04:03,10:04:06
2026-05-11 10:18:01 CT,long,10,"v3-canon,v3-min2bar,v3-pctile,v3-trail,v4-loose-shorts,v4-overnight-bias,v4-trend-flip,v4-trend-gate,v4-vol-regime,v5-mtf-anchor",10:18:01,10:18:06
2026-05-11 10:38:00 CT,long,14,"v3-canon,v3-min2bar,v3-pctile,v3-trail,v3.1-canon,v3.1-min2bar,v3.1-pctile,v3.1-trail,v4-loose-shorts,v4-overnight-bias,v4-trend-flip,v4-trend-gate,v4-vol-regime,v5-mtf-anchor",10:38:00,10:38:07
2026-05-11 10:50:01 CT,long,14,"v3-canon,v3-min2bar,v3-pctile,v3-trail,v3.1-canon,v3.1-min2bar,v3.1-pctile,v3.1-trail,v4-loose-shorts,v4-overnight-bias,v4-trend-flip,v4-trend-gate,v4-vol-regime,v5-mtf-anchor",10:50:01,10:54:06
2026-05-11 10:54:06 CT,long,4,"v4-loose-shorts,v4-overnight-bias,v4-trend-flip,v4-vol-regime",10:54:06,10:54:07
2026-05-11 11:00:00 CT,long,14,"v3-canon,v3-min2bar,v3-pctile,v3-trail,v3.1-canon,v3.1-min2bar,v3.1-pctile,v3.1-trail,v4-loose-shorts,v4-overnight-bias,v4-trend-flip,v4-trend-gate,v4-vol-regime,v5-mtf-anchor",11:00:00,11:00:08
2026-05-11 11:06:02 CT,long,10,"v3-canon,v3-min2bar,v3-pctile,v3-trail,v4-loose-shorts,v4-overnight-bias,v4-trend-flip,v4-trend-gate,v4-vol-regime,v5-mtf-anchor",11:06:02,11:06:05
2026-05-11 11:12:01 CT,long,9,"v3-canon,v3-pctile,v3-trail,v4-loose-shorts,v4-overnight-bias,v4-trend-flip,v4-trend-gate,v4-vol-regime,v5-mtf-anchor",11:12:01,11:12:04
2026-05-11 11:24:02 CT,long,10,"v3-canon,v3-min2bar,v3-pctile,v3-trail,v4-loose-shorts,v4-overnight-bias,v4-trend-flip,v4-trend-gate,v4-vol-regime,v5-mtf-anchor",11:24:02,11:24:04
2026-05-11 11:36:02 CT,long,10,"v3-canon,v3-min2bar,v3-pctile,v3-trail,v4-loose-shorts,v4-overnight-bias,v4-trend-flip,v4-trend-gate,v4-vol-regime,v5-mtf-anchor",11:36:02,11:36:05
2026-05-11 11:46:02 CT,long,10,"v3-canon,v3-min2bar,v3-pctile,v3-trail,v4-loose-shorts,v4-overnight-bias,v4-trend-flip,v4-trend-gate,v4-vol-regime,v5-mtf-anchor",11:46:02,11:46:05
2026-05-11 11:52:02 CT,long,8,"v3-canon,v3-min2bar,v3-pctile,v3-trail,v4-loose-shorts,v4-overnight-bias,v4-vol-regime,v5-mtf-anchor",11:52:02,11:52:05
2026-05-11 12:00:02 CT,long,7,"v3-canon,v3-pctile,v3-trail,v4-loose-shorts,v4-overnight-bias,v4-vol-regime,v5-mtf-anchor",12:00:02,12:00:05
2026-05-11 12:06:02 CT,long,8,"v3-canon,v3-min2bar,v3-pctile,v3-trail,v4-loose-shorts,v4-overnight-bias,v4-vol-regime,v5-mtf-anchor",12:06:02,12:06:04
2026-05-11 12:20:02 CT,long,8,"v3-canon,v3-min2bar,v3-pctile,v3-trail,v4-loose-shorts,v4-overnight-bias,v4-vol-regime,v5-mtf-anchor",12:20:02,12:20:04
2026-05-11 12:30:02 CT,long,9,"v3-canon,v3-min2bar,v3-pctile,v3-trail,v4-loose-shorts,v4-overnight-bias,v4-trend-gate,v4-vol-regime,v5-mtf-anchor",12:30:02,12:34:04
2026-05-11 12:34:04 CT,long,3,"v4-loose-shorts,v4-overnight-bias,v4-vol-regime",12:34:04,12:34:05
2026-05-11 12:42:02 CT,long,10,"v3-canon,v3-min2bar,v3-pctile,v3-trail,v4-loose-shorts,v4-overnight-bias,v4-trend-flip,v4-trend-gate,v4-vol-regime,v5-mtf-anchor",12:42:02,12:42:06
2026-05-11 12:54:02 CT,long,10,"v3-canon,v3-min2bar,v3-pctile,v3-trail,v4-loose-shorts,v4-overnight-bias,v4-trend-flip,v4-trend-gate,v4-vol-regime,v5-mtf-anchor",12:54:02,12:54:04
2026-05-11 12:58:02 CT,long,14,"v3-canon,v3-min2bar,v3-pctile,v3-trail,v3.1-canon,v3.1-min2bar,v3.1-pctile,v3.1-trail,v4-loose-shorts,v4-overnight-bias,v4-trend-flip,v4-trend-gate,v4-vol-regime,v5-mtf-anchor",12:58:02,13:02:04
2026-05-11 13:02:04 CT,long,12,"v3-canon,v3-pctile,v3-trail,v3.1-canon,v3.1-pctile,v3.1-trail,v4-loose-shorts,v4-overnight-bias,v4-trend-flip,v4-trend-gate,v4-vol-regime,v5-mtf-anchor",13:02:04,13:04:04
2026-05-11 13:04:04 CT,long,4,"v4-loose-shorts,v4-overnight-bias,v4-trend-flip,v4-vol-regime",13:04:04,13:04:06
2026-05-11 13:20:02 CT,long,14,"v3-canon,v3-min2bar,v3-pctile,v3-trail,v3.1-canon,v3.1-min2bar,v3.1-pctile,v3.1-trail,v4-loose-shorts,v4-overnight-bias,v4-trend-flip,v4-trend-gate,v4-vol-regime,v5-mtf-anchor",13:20:02,13:20:07
2026-05-11 13:30:02 CT,long,14,"v3-canon,v3-min2bar,v3-pctile,v3-trail,v3.1-canon,v3.1-min2bar,v3.1-pctile,v3.1-trail,v4-loose-shorts,v4-overnight-bias,v4-trend-flip,v4-trend-gate,v4-vol-regime,v5-mtf-anchor",13:30:02,13:30:07
2026-05-11 13:36:02 CT,long,14,"v3-canon,v3-min2bar,v3-pctile,v3-trail,v3.1-canon,v3.1-min2bar,v3.1-pctile,v3.1-trail,v4-loose-shorts,v4-overnight-bias,v4-trend-flip,v4-trend-gate,v4-vol-regime,v5-mtf-anchor",13:36:02,13:36:06
2026-05-11 13:44:01 CT,long,12,"v3-canon,v3-min2bar,v3-pctile,v3-trail,v3.1-canon,v3.1-min2bar,v3.1-pctile,v3.1-trail,v4-loose-shorts,v4-overnight-bias,v4-vol-regime,v5-mtf-anchor",13:44:01,13:44:07
2026-05-11 13:48:00 CT,long,11,"v3-canon,v3-pctile,v3-trail,v3.1-canon,v3.1-min2bar,v3.1-pctile,v3.1-trail,v4-loose-shorts,v4-overnight-bias,v4-vol-regime,v5-mtf-anchor",13:48:00,13:48:06
2026-05-11 14:02:02 CT,long,8,"v3-canon,v3-min2bar,v3-pctile,v3-trail,v4-loose-shorts,v4-overnight-bias,v4-vol-regime,v5-mtf-anchor",14:02:02,14:02:06
2026-05-11 14:08:00 CT,long,8,"v3-canon,v3-min2bar,v3-pctile,v3-trail,v4-loose-shorts,v4-overnight-bias,v4-vol-regime,v5-mtf-anchor",14:08:00,14:08:05
2026-05-11 14:18:02 CT,long,8,"v3-canon,v3-min2bar,v3-pctile,v3-trail,v4-loose-shorts,v4-overnight-bias,v4-vol-regime,v5-mtf-anchor",14:18:02,14:18:06
2026-05-11 14:24:02 CT,long,8,"v3-canon,v3-min2bar,v3-pctile,v3-trail,v4-loose-shorts,v4-overnight-bias,v4-vol-regime,v5-mtf-anchor",14:24:02,14:28:03
2026-05-11 14:28:03 CT,long,4,"v4-loose-shorts,v4-overnight-bias,v4-vol-regime,v5-mtf-anchor",14:28:03,14:28:05
2026-05-11 14:46:02 CT,long,8,"v3-canon,v3-min2bar,v3-pctile,v3-trail,v4-loose-shorts,v4-overnight-bias,v4-vol-regime,v5-mtf-anchor",14:46:02,14:46:05
2026-05-11 14:56:00 CT,long,10,"v3-canon,v3-min2bar,v3-pctile,v3-trail,v4-loose-shorts,v4-overnight-bias,v4-trend-flip,v4-trend-gate,v4-vol-regime,v5-mtf-anchor",14:56:00,14:56:06
2026-05-11 15:00:01 CT,long,9,"v3-canon,v3-pctile,v3-trail,v4-loose-shorts,v4-overnight-bias,v4-trend-flip,v4-trend-gate,v4-vol-regime,v5-mtf-anchor",15:00:01,15:00:05
2026-05-11 15:10:02 CT,long,14,"v3-canon,v3-min2bar,v3-pctile,v3-trail,v3.1-canon,v3.1-min2bar,v3.1-pctile,v3.1-trail,v4-loose-shorts,v4-overnight-bias,v4-trend-flip,v4-trend-gate,v4-vol-regime,v5-mtf-anchor",15:10:02,15:10:07
2026-05-11 15:14:00 CT,long,10,"v3-canon,v3-min2bar,v3-pctile,v3-trail,v4-loose-shorts,v4-overnight-bias,v4-trend-flip,v4-trend-gate,v4-vol-regime,v5-mtf-anchor",15:14:00,15:14:06
2026-05-11 15:18:02 CT,long,9,"v3-canon,v3-pctile,v3-trail,v4-loose-shorts,v4-overnight-bias,v4-trend-flip,v4-trend-gate,v4-vol-regime,v5-mtf-anchor",15:18:02,15:18:05
2026-05-11 15:26:02 CT,long,14,"v3-canon,v3-min2bar,v3-pctile,v3-trail,v3.1-canon,v3.1-min2bar,v3.1-pctile,v3.1-trail,v4-loose-shorts,v4-overnight-bias,v4-trend-flip,v4-trend-gate,v4-vol-regime,v5-mtf-anchor",15:26:02,15:26:07
2026-05-11 15:38:02 CT,long,14,"v3-canon,v3-min2bar,v3-pctile,v3-trail,v3.1-canon,v3.1-min2bar,v3.1-pctile,v3.1-trail,v4-loose-shorts,v4-overnight-bias,v4-trend-flip,v4-trend-gate,v4-vol-regime,v5-mtf-anchor",15:38:02,15:38:07
2026-05-11 15:50:01 CT,long,14,"v3-canon,v3-min2bar,v3-pctile,v3-trail,v3.1-canon,v3.1-min2bar,v3.1-pctile,v3.1-trail,v4-loose-shorts,v4-overnight-bias,v4-trend-flip,v4-trend-gate,v4-vol-regime,v5-mtf-anchor",15:50:01,15:50:07
2026-05-11 15:54:02 CT,long,14,"v3-canon,v3-min2bar,v3-pctile,v3-trail,v3.1-canon,v3.1-min2bar,v3.1-pctile,v3.1-trail,v4-loose-shorts,v4-overnight-bias,v4-trend-flip,v4-trend-gate,v4-vol-regime,v5-mtf-anchor",15:54:02,15:54:07
2026-05-11 17:58:00 CT,long,3,"v3-pctile,v3.1-pctile,v4-loose-shorts",17:58:00,17:58:03
2026-05-11 18:02:03 CT,long,3,"v3-pctile,v3.1-pctile,v4-loose-shorts",18:02:03,18:02:04
2026-05-11 18:22:01 CT,long,14,"v3-armor,v3-canon,v3-min2bar,v3-pctile,v3-trail,v3.1-armor,v3.1-canon,v3.1-min2bar,v3.1-pctile,v3.1-trail,v4-loose-shorts,v4-overnight-bias,v4-vol-regime,v5-mtf-anchor",18:22:01,18:22:07
2026-05-11 18:30:00 CT,long,12,"v3-armor,v3-canon,v3-min2bar,v3-trail,v3.1-armor,v3.1-canon,v3.1-min2bar,v3.1-trail,v4-overnight-bias,v4-trend-gate,v4-vol-regime,v5-mtf-anchor",18:30:00,18:30:06
2026-05-11 18:40:04 CT,long,16,"v3-armor,v3-canon,v3-min2bar,v3-pctile,v3-trail,v3.1-armor,v3.1-canon,v3.1-min2bar,v3.1-pctile,v3.1-trail,v4-loose-shorts,v4-overnight-bias,v4-trend-flip,v4-trend-gate,v4-vol-regime,v5-mtf-anchor",18:40:04,18:40:10
2026-05-11 18:50:01 CT,long,16,"v3-armor,v3-canon,v3-min2bar,v3-pctile,v3-trail,v3.1-armor,v3.1-canon,v3.1-min2bar,v3.1-pctile,v3.1-trail,v4-loose-shorts,v4-overnight-bias,v4-trend-flip,v4-trend-gate,v4-vol-regime,v5-mtf-anchor",18:50:01,18:50:08
2026-05-11 19:00:00 CT,long,14,"v3-armor,v3-canon,v3-min2bar,v3-pctile,v3-trail,v3.1-armor,v3.1-canon,v3.1-min2bar,v3.1-pctile,v3.1-trail,v4-loose-shorts,v4-overnight-bias,v4-vol-regime,v5-mtf-anchor",19:00:00,19:00:07
2026-05-11 19:08:02 CT,long,14,"v3-armor,v3-canon,v3-min2bar,v3-pctile,v3-trail,v3.1-armor,v3.1-canon,v3.1-min2bar,v3.1-pctile,v3.1-trail,v4-loose-shorts,v4-overnight-bias,v4-vol-regime,v5-mtf-anchor",19:08:02,19:08:06
2026-05-11 19:16:00 CT,long,14,"v3-armor,v3-canon,v3-min2bar,v3-pctile,v3-trail,v3.1-armor,v3.1-canon,v3.1-min2bar,v3.1-pctile,v3.1-trail,v4-loose-shorts,v4-overnight-bias,v4-vol-regime,v5-mtf-anchor",19:16:00,19:16:07
2026-05-11 19:26:02 CT,long,13,"v3-armor,v3-canon,v3-min2bar,v3-pctile,v3-trail,v3.1-armor,v3.1-canon,v3.1-min2bar,v3.1-pctile,v3.1-trail,v4-loose-shorts,v4-vol-regime,v5-mtf-anchor",19:26:02,19:26:08
2026-05-11 19:46:02 CT,long,13,"v3-armor,v3-canon,v3-min2bar,v3-pctile,v3-trail,v3.1-armor,v3.1-canon,v3.1-min2bar,v3.1-pctile,v3.1-trail,v4-loose-shorts,v4-vol-regime,v5-mtf-anchor",19:46:02,19:46:07
2026-05-11 19:56:00 CT,long,13,"v3-armor,v3-canon,v3-min2bar,v3-pctile,v3-trail,v3.1-armor,v3.1-canon,v3.1-min2bar,v3.1-pctile,v3.1-trail,v4-loose-shorts,v4-vol-regime,v5-mtf-anchor",19:56:00,19:56:07
2026-05-11 20:02:00 CT,long,13,"v3-armor,v3-canon,v3-min2bar,v3-pctile,v3-trail,v3.1-armor,v3.1-canon,v3.1-min2bar,v3.1-pctile,v3.1-trail,v4-loose-shorts,v4-vol-regime,v5-mtf-anchor",20:02:00,20:02:07
2026-05-11 20:08:02 CT,long,13,"v3-armor,v3-canon,v3-min2bar,v3-pctile,v3-trail,v3.1-armor,v3.1-canon,v3.1-min2bar,v3.1-pctile,v3.1-trail,v4-loose-shorts,v4-vol-regime,v5-mtf-anchor",20:08:02,20:08:07
2026-05-11 20:32:02 CT,long,13,"v3-armor,v3-canon,v3-min2bar,v3-pctile,v3-trail,v3.1-armor,v3.1-canon,v3.1-min2bar,v3.1-pctile,v3.1-trail,v4-loose-shorts,v4-vol-regime,v5-mtf-anchor",20:32:02,20:32:07
