anchor_ts_ct,direction,n_variants_declared,n_settled_matched,cluster_net_pnl,win_rate
2026-05-05 23:04:01 CT,long,5,10,-25.75,0.0
2026-05-05 23:08:00 CT,long,5,5,-9.75,0.0
2026-05-05 23:14:02 CT,long,5,5,9.0,1.0
2026-05-05 23:28:00 CT,long,5,9,-23.8,0.0
2026-05-05 23:32:05 CT,long,4,4,-7.8,0.0
2026-05-05 23:38:01 CT,long,5,5,-16.0,0.0
2026-05-05 23:44:01 CT,long,5,5,15.25,1.0
2026-05-05 23:54:00 CT,long,5,5,-16.0,0.0
2026-05-06 00:04:00 CT,long,5,5,-8.500000000000002,0.2
2026-05-06 00:20:00 CT,long,5,5,-22.25,0.0
2026-05-06 00:26:01 CT,long,5,5,-3.5,0.0
2026-05-06 00:34:01 CT,long,5,5,-22.25,0.0
2026-05-06 00:44:01 CT,long,5,5,64.0,1.0
2026-05-06 01:02:00 CT,long,4,4,-21.549999999999997,0.0
2026-05-06 01:14:01 CT,long,4,4,-17.8,0.0
2026-05-06 01:24:01 CT,long,4,4,-5.3,0.25
2026-05-06 01:36:00 CT,long,4,4,17.2,1.0
2026-05-06 01:58:01 CT,long,5,5,22.75,1.0
2026-05-06 02:06:00 CT,long,5,5,-28.5,0.0
2026-05-06 02:18:01 CT,long,5,5,-3.5,0.0
2026-05-06 02:24:00 CT,long,5,5,-34.75,0.0
2026-05-06 02:46:00 CT,long,5,5,27.75,1.0
2026-05-06 02:58:00 CT,long,5,5,-9.75,0.0
2026-05-06 03:06:01 CT,long,5,5,9.0,1.0
2026-05-06 03:18:01 CT,long,5,5,-53.5,0.0
2026-05-06 03:24:01 CT,long,4,4,2.2,1.0
2026-05-06 03:32:01 CT,long,5,5,29.0,1.0
2026-05-06 03:42:00 CT,long,5,5,646.5,1.0
2026-05-06 04:08:00 CT,long,4,7,128.84999999999997,0.5714285714285714
2026-05-06 04:12:00 CT,long,3,3,110.39999999999999,1.0
2026-05-06 04:28:01 CT,long,4,4,-2.8,0.0
2026-05-06 04:34:01 CT,long,4,4,-10.299999999999999,0.0
2026-05-06 04:40:00 CT,long,3,3,-32.099999999999994,0.0
2026-05-06 04:50:00 CT,long,4,7,2.600000000000003,0.5714285714285714
2026-05-06 04:54:00 CT,long,3,3,16.65,1.0
2026-05-06 05:02:00 CT,long,4,4,-44.05,0.0
2026-05-06 05:07:58 CT,long,3,3,-5.85,0.0
2026-05-06 05:16:01 CT,long,4,4,67.2,1.0
2026-05-06 05:24:00 CT,long,4,4,80.95,1.0
2026-05-06 05:40:00 CT,long,5,5,80.25,0.8
2026-05-06 05:52:00 CT,long,4,4,93.45,1.0
2026-05-06 06:02:00 CT,long,4,7,-61.150000000000006,0.0
2026-05-06 06:06:00 CT,long,4,7,-53.650000000000006,0.0
2026-05-06 06:16:00 CT,long,4,8,-50.599999999999994,0.0
2026-05-06 06:20:00 CT,long,4,4,-22.799999999999997,0.0
2026-05-06 06:36:01 CT,long,4,4,-2.8,0.0
2026-05-06 06:52:00 CT,long,5,5,-28.5,0.0
2026-05-06 07:06:00 CT,long,5,5,-24.75,0.0
2026-05-06 07:12:00 CT,long,4,4,-87.8,0.0
2026-05-06 07:20:00 CT,long,5,5,121.5,1.0
2026-05-06 07:36:01 CT,long,5,9,-92.55,0.0
2026-05-06 07:40:00 CT,long,5,9,-107.55,0.0
2026-05-06 07:52:01 CT,long,5,5,-41.00000000000001,0.0
2026-05-06 07:58:00 CT,long,4,4,-2.8,0.0
2026-05-06 08:04:00 CT,long,5,5,-84.75,0.0
2026-05-06 08:12:01 CT,long,5,9,-40.050000000000004,0.1111111111111111
2026-05-06 08:16:01 CT,long,4,4,-22.8,0.0
2026-05-06 08:22:00 CT,long,5,5,-22.25,0.0
2026-05-06 08:30:00 CT,long,5,5,-3.5,0.0
2026-05-06 08:44:00 CT,long,4,7,-84.9,0.0
2026-05-06 08:48:01 CT,long,3,3,-50.849999999999994,0.0
2026-05-06 08:53:22 CT,long,4,4,87.2,1.0
2026-05-06 09:06:00 CT,long,4,8,-20.599999999999998,0.5
2026-05-06 09:10:00 CT,long,4,4,22.2,1.0
2026-05-06 09:22:00 CT,long,4,4,-12.8,0.0
2026-05-06 09:32:00 CT,long,4,4,165.25,0.75
2026-05-06 09:50:00 CT,long,3,3,39.150000000000006,1.0
2026-05-06 10:00:01 CT,long,3,3,14.15,1.0
2026-05-06 10:06:01 CT,long,3,3,-42.1,0.0
2026-05-06 10:12:01 CT,long,4,7,17.6,0.5714285714285714
2026-05-06 10:26:00 CT,long,4,4,-35.3,0.0
2026-05-06 10:46:01 CT,long,4,4,-5.6,0.0
2026-05-06 17:28:01 CT,long,5,9,-30.05,0.0
2026-05-06 17:32:01 CT,long,4,4,-2.8,0.0
2026-05-06 17:42:01 CT,long,5,5,-3.5,0.0
2026-05-06 17:50:01 CT,long,5,5,-9.2,0.0
2026-05-06 17:55:56 CT,long,4,4,-5.6,0.0
2026-05-06 21:16:00 CT,long,5,5,2.75,1.0
2026-05-06 21:26:01 CT,long,5,5,-3.5,0.0
2026-05-06 21:34:00 CT,long,5,5,-47.25,0.0
2026-05-06 21:54:00 CT,long,5,5,9.0,1.0
2026-05-06 22:06:00 CT,long,5,5,-16.0,0.0
2026-05-06 22:16:01 CT,long,5,5,2.75,1.0
2026-05-06 22:26:00 CT,long,5,5,25.25,1.0
2026-05-06 22:32:00 CT,long,5,5,-3.5,0.0
2026-05-06 22:38:00 CT,long,5,5,-3.5,0.0
2026-05-06 22:48:00 CT,long,5,5,-8.5,0.0
2026-05-06 22:54:00 CT,long,4,4,-12.8,0.0
2026-05-06 23:02:01 CT,long,5,5,-16.0,0.0
2026-05-06 23:10:03 CT,long,5,5,22.750000000000004,0.8
2026-05-06 23:26:00 CT,long,4,4,-19.05,0.0
2026-05-06 23:32:02 CT,long,3,3,-9.600000000000001,0.0
2026-05-06 23:40:01 CT,long,3,3,-5.85,0.0
2026-05-06 23:48:01 CT,long,4,4,-2.8,0.0
2026-05-06 23:54:23 CT,long,4,4,-2.8,0.0
2026-05-07 00:02:01 CT,long,4,4,-10.3,0.25
2026-05-07 00:08:00 CT,long,4,7,-22.4,0.0
2026-05-07 00:12:01 CT,long,3,3,-2.0999999999999996,0.0
2026-05-07 00:26:00 CT,long,4,4,44.7,1.0
2026-05-07 00:52:00 CT,long,4,4,-12.8,0.0
2026-05-07 00:58:00 CT,long,4,7,-36.15,0.0
2026-05-07 01:14:00 CT,long,4,7,11.349999999999998,0.5714285714285714
2026-05-07 01:18:00 CT,long,3,3,20.4,1.0
2026-05-07 01:26:01 CT,long,4,4,-27.8,0.0
2026-05-07 01:34:00 CT,long,4,4,30.950000000000003,1.0
2026-05-07 01:42:01 CT,long,4,4,33.45,1.0
2026-05-07 01:52:00 CT,long,4,4,12.2,1.0
2026-05-07 01:58:00 CT,long,4,4,-29.05,0.0
2026-05-07 02:06:00 CT,long,4,4,152.2,1.0
2026-05-07 02:22:01 CT,long,4,4,-17.8,0.0
2026-05-07 02:30:00 CT,long,4,4,52.2,1.0
2026-05-07 02:50:00 CT,long,4,4,-7.8,0.0
2026-05-07 02:58:00 CT,long,4,4,104.7,1.0
2026-05-07 03:14:00 CT,long,4,4,-47.8,0.0
2026-05-07 03:22:00 CT,long,4,4,-57.8,0.0
2026-05-07 03:28:00 CT,long,4,4,-7.8,0.0
2026-05-07 03:36:00 CT,long,4,4,-7.8,0.0
2026-05-07 03:50:01 CT,long,4,4,27.2,1.0
2026-05-07 04:02:00 CT,long,4,4,-41.55,0.0
2026-05-07 04:08:00 CT,long,4,7,-8.65,0.14285714285714285
2026-05-07 04:12:02 CT,long,3,4,13.45,0.75
2026-05-07 04:36:00 CT,long,4,4,-32.8,0.0
2026-05-07 04:42:01 CT,long,4,4,-7.8,0.0
2026-05-07 04:48:01 CT,long,4,4,-52.8,0.0
2026-05-07 04:58:01 CT,long,4,4,7.2,1.0
2026-05-07 05:10:00 CT,long,4,4,7.2,1.0
2026-05-07 05:22:01 CT,long,4,4,14.7,1.0
2026-05-07 05:32:00 CT,long,4,4,-17.8,0.0
2026-05-07 05:38:01 CT,long,4,4,42.2,1.0
2026-05-07 06:04:00 CT,long,4,4,-32.8,0.0
2026-05-07 06:10:00 CT,long,4,4,-27.8,0.0
2026-05-07 06:24:01 CT,long,4,7,-27.4,0.0
2026-05-07 06:28:00 CT,long,4,7,-12.399999999999999,0.14285714285714285
2026-05-07 06:32:02 CT,long,3,4,-7.8,0.0
2026-05-07 06:52:00 CT,long,4,4,27.2,1.0
2026-05-07 07:04:01 CT,long,4,4,68.45,1.0
2026-05-07 07:16:01 CT,long,4,4,-35.300000000000004,0.0
2026-05-07 07:26:00 CT,long,4,4,64.7,1.0
2026-05-07 07:44:01 CT,long,4,4,-16.55,0.0
2026-05-07 07:50:00 CT,long,4,7,-62.400000000000006,0.0
2026-05-07 07:54:01 CT,long,3,5,-39.75,0.0
2026-05-07 08:10:01 CT,long,4,4,-7.8,0.0
2026-05-07 08:16:00 CT,long,4,4,37.2,1.0
2026-05-07 08:24:00 CT,long,4,4,-27.8,0.0
2026-05-07 08:40:01 CT,long,3,5,-93.5,0.0
2026-05-07 10:24:00 CT,long,5,5,-97.25,0.0
2026-05-07 10:30:00 CT,long,5,5,96.5,1.0
2026-05-07 10:38:00 CT,long,5,5,-62.25,0.0
2026-05-07 10:43:03 CT,long,5,9,-112.55,0.0
2026-05-07 11:04:00 CT,long,5,5,-138.5,0.0
2026-05-07 11:10:00 CT,long,5,5,-123.5,0.0
2026-05-07 11:18:01 CT,long,5,5,-91.0,0.2
2026-05-07 11:24:01 CT,long,4,4,122.2,1.0
2026-05-07 11:34:00 CT,long,5,9,-91.3,0.0
2026-05-07 11:36:00 CT,long,4,4,-52.8,0.0
2026-05-07 11:42:00 CT,long,5,9,-186.29999999999998,0.0
2026-05-07 11:46:01 CT,long,4,4,-42.8,0.0
2026-05-07 11:54:01 CT,long,5,5,-56.00000000000001,0.0
2026-05-07 12:00:00 CT,long,5,9,-88.8,0.0
2026-05-07 12:04:00 CT,long,5,9,-110.05,0.0
2026-05-07 12:14:01 CT,long,4,4,-42.8,0.0
2026-05-07 12:24:04 CT,long,5,5,-200.99999999999997,0.0
2026-05-07 12:30:00 CT,long,5,5,-47.25,0.0
2026-05-07 12:36:00 CT,long,5,10,-6.999999999999993,0.5
2026-05-07 12:40:00 CT,long,5,5,-91.0,0.0
2026-05-07 12:48:01 CT,long,5,5,-13.5,0.2
2026-05-07 12:56:01 CT,long,4,4,109.69999999999999,0.75
2026-05-07 13:06:01 CT,long,4,4,-77.8,0.0
2026-05-07 13:12:00 CT,long,4,4,42.2,1.0
2026-05-07 13:28:00 CT,long,4,7,-8.65,0.14285714285714285
2026-05-07 13:32:00 CT,long,3,3,-9.600000000000001,0.0
2026-05-07 13:40:00 CT,long,4,7,-199.89999999999998,0.0
2026-05-07 13:44:00 CT,long,3,3,-114.60000000000001,0.0
2026-05-07 13:52:01 CT,long,5,5,115.25,1.0
2026-05-07 14:06:00 CT,long,5,5,-34.75,0.0
2026-05-07 14:12:00 CT,long,5,5,9.0,1.0
2026-05-07 14:20:01 CT,long,5,5,-21.0,0.0
2026-05-07 14:28:00 CT,long,5,9,-36.3,0.0
2026-05-07 14:38:00 CT,long,5,5,-53.5,0.0
2026-05-07 14:44:01 CT,long,5,5,-22.25,0.0
2026-05-07 14:50:00 CT,long,5,5,-78.5,0.0
2026-05-07 14:56:00 CT,long,5,5,40.25,1.0
2026-05-07 15:04:00 CT,long,5,5,-4.75,0.2
2026-05-07 15:12:00 CT,long,5,9,-67.55,0.0
2026-05-07 15:16:00 CT,long,5,9,-31.299999999999994,0.5555555555555556
2026-05-07 15:32:00 CT,long,5,5,-3.5,0.0
2026-05-07 15:42:00 CT,long,5,5,-54.75,0.0
2026-05-07 15:50:00 CT,long,5,9,-75.05,0.0
2026-05-07 15:54:00 CT,long,5,8,-95.6,0.0
2026-05-07 17:34:01 CT,long,5,5,-109.75,0.0
2026-05-07 17:40:01 CT,long,5,5,-24.75,0.0
2026-05-07 17:48:01 CT,long,4,4,-7.8,0.0
2026-05-07 18:08:01 CT,long,5,5,2.75,1.0
2026-05-07 18:18:01 CT,long,5,8,-15.600000000000001,0.125
2026-05-07 18:22:01 CT,long,5,8,-6.8500000000000005,0.625
2026-05-07 18:34:01 CT,long,5,5,-12.249999999999998,0.0
2026-05-07 18:42:00 CT,long,5,4,17.2,1.0
2026-05-07 18:50:01 CT,long,4,4,182.2,1.0
2026-05-07 19:16:01 CT,long,4,4,-32.8,0.0
2026-05-07 19:22:00 CT,long,4,4,-12.8,0.0
2026-05-07 19:34:00 CT,long,4,4,7.2,1.0
2026-05-07 19:42:00 CT,long,3,3,-19.599999999999998,0.0
2026-05-07 19:52:00 CT,long,4,0,0.0,0.0
2026-05-07 21:56:01 CT,long,10,10,-102.0,0.0
2026-05-07 22:04:01 CT,long,10,9,-28.8,0.0
2026-05-07 22:08:01 CT,long,9,0,0.0,0.0
2026-05-07 22:24:02 CT,long,12,12,44.099999999999994,1.0
2026-05-07 22:32:01 CT,long,16,31,55.79999999999998,1.0
2026-05-07 22:32:06 CT,long,4,5,9.0,1.0
2026-05-07 22:44:00 CT,long,15,27,251.10000000000005,1.0
2026-05-07 22:44:06 CT,long,3,3,27.900000000000002,1.0
2026-05-07 22:52:02 CT,long,3,4,12.2,1.0
2026-05-07 23:06:01 CT,long,16,58,-121.85,0.06896551724137931
2026-05-07 23:06:06 CT,long,15,35,-95.75000000000001,0.02857142857142857
2026-05-07 23:10:07 CT,long,4,5,-16.0,0.0
2026-05-07 23:18:02 CT,long,16,31,-60.45000000000002,0.0
2026-05-07 23:18:06 CT,long,4,5,-9.75,0.0
2026-05-07 23:30:01 CT,long,16,31,-60.45000000000002,0.0
2026-05-07 23:30:06 CT,long,5,6,-11.7,0.0
2026-05-07 23:38:02 CT,long,16,31,-215.44999999999993,0.0
2026-05-07 23:38:07 CT,long,5,5,-34.75,0.0
2026-05-07 23:46:02 CT,long,16,28,525.4000000000001,1.0
2026-05-07 23:46:07 CT,long,5,4,82.2,1.0
2026-05-08 00:02:00 CT,long,14,28,-47.10000000000001,0.07142857142857142
2026-05-08 00:02:05 CT,long,6,7,-13.649999999999999,0.0
2026-05-08 00:14:01 CT,long,10,20,85.99999999999999,1.0
2026-05-08 00:24:01 CT,long,14,52,83.6,0.5384615384615384
2026-05-08 00:24:06 CT,long,13,28,160.40000000000006,0.8928571428571429
2026-05-08 00:28:04 CT,long,7,9,59.95,1.0
2026-05-08 00:44:01 CT,long,14,28,-54.60000000000001,0.0
2026-05-08 00:44:05 CT,long,4,5,-9.75,0.0
2026-05-08 00:56:02 CT,long,11,22,-97.90000000000002,0.0
2026-05-08 00:56:06 CT,long,3,3,-13.350000000000001,0.0
2026-05-08 01:04:01 CT,long,14,28,150.40000000000006,1.0
2026-05-08 01:08:03 CT,long,5,6,10.8,1.0
2026-05-08 01:28:01 CT,long,14,28,-179.59999999999994,0.14285714285714285
2026-05-08 01:28:06 CT,long,3,4,-32.8,0.0
2026-05-08 01:36:02 CT,long,14,28,85.39999999999998,1.0
2026-05-08 01:36:07 CT,long,3,4,12.2,1.0
2026-05-08 01:52:02 CT,long,14,28,-94.60000000000002,0.0
2026-05-08 01:52:07 CT,long,6,7,-22.4,0.0
2026-05-08 01:58:02 CT,long,13,26,-140.7,0.15384615384615385
2026-05-08 01:58:06 CT,long,4,4,-27.8,0.0
2026-05-08 02:06:02 CT,long,10,20,-39.00000000000001,0.0
2026-05-08 02:06:05 CT,long,3,4,-7.8,0.0
2026-05-08 02:14:01 CT,long,14,28,-194.59999999999997,0.0
2026-05-08 02:14:06 CT,long,6,7,-48.650000000000006,0.0
2026-05-08 02:20:00 CT,long,10,20,85.99999999999999,1.0
2026-05-08 02:20:05 CT,long,3,4,17.2,1.0
2026-05-08 02:28:02 CT,long,10,20,-64.00000000000001,0.0
2026-05-08 02:28:05 CT,long,3,4,-12.8,0.0
2026-05-08 02:34:01 CT,long,14,28,75.39999999999998,1.0
2026-05-08 02:34:06 CT,long,6,7,18.85,1.0
2026-05-08 02:44:02 CT,long,14,28,-19.599999999999994,0.0
2026-05-08 02:44:06 CT,long,4,5,-3.5,0.0
2026-05-08 02:54:02 CT,long,14,28,120.39999999999998,1.0
2026-05-08 02:54:07 CT,long,3,4,17.2,1.0
2026-05-08 03:04:01 CT,long,14,28,200.40000000000003,1.0
2026-05-08 03:04:08 CT,long,3,4,27.2,1.0
2026-05-08 03:10:01 CT,long,14,28,85.39999999999998,1.0
2026-05-08 03:10:06 CT,long,6,7,21.35,1.0
2026-05-08 03:18:02 CT,long,14,28,295.40000000000003,1.0
2026-05-08 03:18:07 CT,long,4,5,52.75,1.0
2026-05-08 03:30:00 CT,long,14,28,-89.60000000000002,0.0
2026-05-08 03:30:06 CT,long,4,5,-16.0,0.0
2026-05-08 03:38:02 CT,long,14,28,-54.60000000000001,0.0
2026-05-08 03:38:05 CT,long,6,8,-15.6,0.0
2026-05-08 03:48:01 CT,long,14,28,20.400000000000006,1.0
2026-05-08 03:48:06 CT,long,5,5,2.75,1.0
2026-05-08 03:54:01 CT,long,14,28,-62.100000000000016,0.07142857142857142
2026-05-08 03:54:06 CT,long,5,6,-26.7,0.0
2026-05-08 04:00:01 CT,long,13,26,566.8,1.0
2026-05-08 04:00:05 CT,long,5,6,145.8,1.0
2026-05-08 04:18:01 CT,long,14,28,50.39999999999999,1.0
2026-05-08 04:18:06 CT,long,4,5,9.0,1.0
2026-05-08 04:50:01 CT,long,12,24,-36.80000000000001,0.2916666666666667
2026-05-08 04:50:06 CT,long,4,4,12.2,0.75
2026-05-08 05:12:01 CT,long,14,54,-207.79999999999993,0.0
2026-05-08 05:12:06 CT,long,13,32,-109.9,0.0
2026-05-08 05:16:05 CT,long,7,9,-28.8,0.0
2026-05-08 05:22:01 CT,long,14,28,217.90000000000003,1.0
2026-05-08 05:22:06 CT,long,3,4,52.2,1.0
2026-05-08 05:28:02 CT,long,9,12,-10.899999999999995,0.25
2026-05-08 06:10:01 CT,long,5,5,27.75,1.0
2026-05-08 06:44:01 CT,long,10,20,-143.99999999999997,0.0
2026-05-08 06:50:01 CT,long,9,16,-191.2,0.0
2026-05-08 07:28:00 CT,long,10,20,690.9999999999998,1.0
2026-05-08 07:28:05 CT,long,3,4,142.2,1.0
2026-05-08 07:52:01 CT,long,10,20,-64.00000000000001,0.0
2026-05-08 07:52:04 CT,long,3,4,-12.8,0.0
2026-05-08 07:58:01 CT,long,8,16,168.79999999999998,0.5
2026-05-08 07:58:04 CT,long,4,5,215.25,1.0
2026-05-08 09:04:01 CT,long,6,10,-57.00000000000001,0.0
2026-05-08 09:20:02 CT,long,8,16,68.8,1.0
2026-05-08 09:26:01 CT,long,8,16,-398.70000000000005,0.0
2026-05-08 09:38:02 CT,long,8,16,206.3,1.0
2026-05-08 09:44:00 CT,long,8,16,48.8,1.0
2026-05-08 09:54:01 CT,long,8,16,-111.2,0.0
2026-05-08 10:02:01 CT,long,8,16,-131.2,0.0
2026-05-08 10:12:01 CT,long,8,16,-188.7,0.0
2026-05-08 10:20:01 CT,long,6,12,211.60000000000005,1.0
2026-05-08 10:28:01 CT,long,8,16,68.8,1.0
2026-05-08 10:36:02 CT,long,9,18,62.39999999999999,1.0
2026-05-08 10:46:00 CT,long,10,20,233.50000000000006,1.0
2026-05-08 10:46:05 CT,long,3,4,42.2,1.0
2026-05-08 10:58:00 CT,long,10,38,-214.09999999999994,0.05263157894736842
2026-05-08 10:58:05 CT,long,9,22,-165.39999999999995,0.0
2026-05-08 11:02:03 CT,long,10,30,-153.49999999999991,0.0
2026-05-08 11:06:02 CT,long,10,18,-65.10000000000001,0.0
2026-05-08 11:14:01 CT,long,10,20,18.5,1.0
2026-05-08 11:14:04 CT,long,3,4,2.2,1.0
2026-05-08 12:36:01 CT,long,10,20,-138.99999999999997,0.0
2026-05-08 12:46:02 CT,long,10,20,-131.5,0.0
2026-05-08 12:46:06 CT,long,3,4,-27.8,0.0
2026-05-08 12:54:00 CT,long,9,18,9.900000000000002,1.0
2026-05-08 12:54:04 CT,long,4,5,2.75,1.0
2026-05-08 13:02:02 CT,long,10,38,-311.5999999999999,0.0
2026-05-08 13:02:05 CT,long,9,26,-188.19999999999996,0.0
2026-05-08 13:06:04 CT,long,8,9,-51.300000000000004,0.0
2026-05-08 13:12:01 CT,long,10,20,336.00000000000006,1.0
2026-05-08 13:22:01 CT,long,14,28,-64.60000000000001,0.0
2026-05-08 13:22:06 CT,long,5,6,-14.2,0.0
2026-05-08 13:30:01 CT,long,12,24,-6.799999999999997,0.16666666666666666
2026-05-08 13:44:01 CT,long,14,28,-509.5999999999999,0.0
2026-05-08 13:44:07 CT,long,3,4,-72.8,0.0
2026-05-08 13:58:01 CT,long,8,30,-285.99999999999994,0.0
2026-05-08 13:58:05 CT,long,7,19,-152.04999999999995,0.0
2026-05-08 14:02:03 CT,long,6,8,-45.6,0.0
2026-05-08 14:08:02 CT,long,8,30,-133.50000000000003,0.0
2026-05-08 14:08:05 CT,long,7,18,-92.60000000000001,0.0
2026-05-08 14:12:03 CT,long,12,34,-13.8,0.7058823529411765
2026-05-08 14:16:04 CT,long,7,10,18.0,1.0
2026-05-08 14:32:01 CT,long,9,18,232.40000000000003,1.0
2026-05-08 14:32:04 CT,long,4,5,65.25,1.0
2026-05-08 14:52:00 CT,long,10,20,-41.50000000000001,0.1
2026-05-08 14:52:05 CT,long,3,3,-13.350000000000001,0.0
2026-05-08 15:14:01 CT,long,14,14,-64.80000000000001,0.0
2026-05-08 15:22:02 CT,long,14,14,85.19999999999999,1.0
2026-05-08 15:30:01 CT,long,14,27,-91.4,0.37037037037037035
2026-05-08 15:34:02 CT,long,13,13,-2.8499999999999996,0.6923076923076923
2026-05-08 15:42:02 CT,long,4,4,2.2,1.0
2026-05-08 15:54:01 CT,long,11,11,-47.70000000000001,0.18181818181818182
2026-05-10 17:42:02 CT,long,15,13,694.6499999999999,1.0
2026-05-10 19:20:02 CT,long,14,14,130.2,1.0
2026-05-10 19:30:02 CT,long,14,14,60.19999999999998,1.0
2026-05-10 19:36:01 CT,long,14,14,-114.80000000000001,0.0
2026-05-10 19:42:02 CT,long,14,14,-27.299999999999997,0.0
2026-05-10 19:58:02 CT,long,8,8,-35.6,0.0
2026-05-10 20:06:01 CT,long,8,8,124.4,1.0
2026-05-10 20:16:01 CT,long,8,8,134.4,1.0
2026-05-10 20:24:00 CT,long,10,10,-33.25,0.0
2026-05-10 20:34:01 CT,long,14,27,-117.64999999999999,0.48148148148148145
2026-05-10 20:38:02 CT,long,13,13,39.64999999999999,1.0
2026-05-10 20:54:01 CT,long,14,14,-22.299999999999997,0.14285714285714285
2026-05-10 21:00:01 CT,long,12,12,24.1,1.0
2026-05-10 21:12:00 CT,long,14,14,-28.549999999999997,0.0
2026-05-10 21:18:00 CT,long,14,26,71.79999999999998,0.5384615384615384
2026-05-10 21:22:04 CT,long,7,7,47.599999999999994,1.0
2026-05-10 21:36:02 CT,long,14,27,-50.150000000000006,0.0
2026-05-10 21:40:02 CT,long,14,26,-33.2,0.0
2026-05-10 21:44:04 CT,long,7,7,-4.9,0.0
2026-05-10 21:52:00 CT,long,14,14,-7.300000000000001,0.14285714285714285
2026-05-10 22:04:00 CT,long,14,14,-37.300000000000004,0.14285714285714285
2026-05-10 22:10:00 CT,long,12,12,-23.4,0.0
2026-05-10 22:20:02 CT,long,12,12,84.1,1.0
2026-05-10 22:26:01 CT,long,14,17,-71.9,0.0
2026-05-10 22:40:01 CT,long,14,14,97.69999999999999,1.0
2026-05-10 22:54:02 CT,long,14,14,-59.80000000000001,0.0
2026-05-10 23:08:01 CT,long,12,22,-147.89999999999998,0.0
2026-05-10 23:12:00 CT,long,12,22,-60.400000000000006,0.5454545454545454
2026-05-10 23:16:06 CT,long,5,5,9.0,1.0
2026-05-10 23:22:02 CT,long,12,12,6.6,1.0
2026-05-10 23:36:01 CT,long,14,14,-27.299999999999997,0.0
2026-05-10 23:44:00 CT,long,14,14,-27.299999999999997,0.0
2026-05-10 23:52:02 CT,long,14,14,47.69999999999998,1.0
2026-05-11 00:00:02 CT,long,14,14,-44.80000000000001,0.0
2026-05-11 00:18:02 CT,long,14,14,-9.799999999999999,0.0
2026-05-11 00:24:02 CT,long,14,27,-70.14999999999999,0.48148148148148145
2026-05-11 00:28:02 CT,long,13,13,39.64999999999999,1.0
2026-05-11 00:50:02 CT,long,14,14,-62.30000000000002,0.0
2026-05-11 01:02:02 CT,long,12,12,131.6,1.0
2026-05-11 01:22:02 CT,long,14,14,85.19999999999999,1.0
2026-05-11 01:52:01 CT,long,12,12,116.6,1.0
2026-05-11 02:06:01 CT,long,14,14,-99.80000000000001,0.0
2026-05-11 02:12:02 CT,long,14,14,-9.799999999999999,0.0
2026-05-11 02:20:01 CT,long,14,14,25.200000000000003,1.0
2026-05-11 02:32:00 CT,long,14,14,-97.30000000000001,0.0
2026-05-11 02:38:01 CT,long,14,14,70.19999999999999,1.0
2026-05-11 02:50:02 CT,long,14,27,-87.65000000000002,0.0
2026-05-11 02:54:01 CT,long,13,13,-57.850000000000016,0.0
2026-05-11 03:00:01 CT,long,14,26,-158.2,0.07692307692307693
2026-05-11 03:04:02 CT,long,12,12,-70.9,0.16666666666666666
2026-05-11 03:12:02 CT,long,10,10,268.0,1.0
2026-05-11 03:20:01 CT,long,4,4,2.2,1.0
2026-05-11 03:32:02 CT,long,10,10,-69.5,0.0
2026-05-11 03:38:02 CT,long,14,27,-100.15,0.0
2026-05-11 03:42:00 CT,long,13,13,-9.1,0.0
2026-05-11 03:50:02 CT,long,14,23,-57.35000000000002,0.0
2026-05-11 03:54:02 CT,long,9,9,-17.55,0.0
2026-05-11 04:02:01 CT,long,14,14,42.69999999999999,1.0
2026-05-11 04:10:02 CT,long,14,14,-19.799999999999997,0.07142857142857142
2026-05-11 04:18:01 CT,long,13,13,104.64999999999999,1.0
2026-05-11 04:32:01 CT,long,14,14,-12.299999999999999,0.14285714285714285
2026-05-11 04:42:02 CT,long,12,12,51.59999999999999,1.0
2026-05-11 04:58:03 CT,long,14,27,-237.64999999999995,0.0
2026-05-11 05:02:02 CT,long,13,13,-106.60000000000001,0.0
2026-05-11 05:08:02 CT,long,14,14,2.6999999999999984,0.14285714285714285
2026-05-11 05:16:02 CT,long,12,12,-23.4,0.0
2026-05-11 05:26:01 CT,long,12,12,-35.9,0.0
2026-05-11 05:34:02 CT,long,7,7,-31.15,0.0
2026-05-11 05:44:03 CT,long,12,12,-13.399999999999999,0.16666666666666666
2026-05-11 05:50:02 CT,long,10,10,5.5,1.0
2026-05-11 06:02:01 CT,long,8,8,4.4,1.0
2026-05-11 06:08:02 CT,long,10,10,-57.00000000000001,0.0
2026-05-11 06:16:02 CT,long,10,10,143.00000000000003,1.0
2026-05-11 06:28:02 CT,long,10,10,70.5,1.0
2026-05-11 06:36:01 CT,long,10,11,-51.45,0.0
2026-05-11 06:54:02 CT,long,10,10,18.0,1.0
2026-05-11 07:14:02 CT,long,8,8,-25.6,0.0
2026-05-11 07:24:02 CT,long,8,15,2.0000000000000036,0.5333333333333333
2026-05-11 07:28:01 CT,long,7,7,56.349999999999994,1.0
2026-05-11 07:36:02 CT,long,10,10,-74.5,0.0
2026-05-11 07:46:02 CT,long,10,19,-204.54999999999995,0.47368421052631576
2026-05-11 07:50:02 CT,long,9,9,27.45,1.0
2026-05-11 08:04:02 CT,long,8,8,-15.6,0.0
2026-05-11 08:10:02 CT,long,10,17,-24.400000000000002,0.058823529411764705
2026-05-11 08:22:02 CT,long,10,10,-82.0,0.0
2026-05-11 08:30:02 CT,long,10,9,436.2,1.0
2026-05-11 08:38:17 CT,long,8,8,451.9,1.0
2026-05-11 08:54:02 CT,long,8,15,-116.74999999999996,0.4666666666666667
2026-05-11 08:58:03 CT,long,7,7,30.1,1.0
2026-05-11 09:06:02 CT,long,8,8,44.4,1.0
2026-05-11 09:14:03 CT,long,8,8,224.4,1.0
2026-05-11 09:34:02 CT,long,8,8,174.4,1.0
2026-05-11 09:42:02 CT,long,8,15,-76.75000000000001,0.0
2026-05-11 09:46:01 CT,long,8,15,267.0,0.5333333333333333
2026-05-11 09:48:03 CT,long,5,5,202.75,1.0
2026-05-11 10:00:02 CT,long,11,19,-135.79999999999998,0.0
2026-05-11 10:04:03 CT,long,6,6,-26.7,0.0
2026-05-11 10:18:01 CT,long,10,10,305.5,1.0
2026-05-11 10:38:00 CT,long,14,14,-79.80000000000001,0.0
2026-05-11 10:50:01 CT,long,14,24,13.200000000000003,0.5
2026-05-11 10:54:06 CT,long,4,4,-2.8,0.0
2026-05-11 11:00:00 CT,long,14,14,-72.30000000000001,0.0
2026-05-11 11:06:02 CT,long,10,10,-29.5,0.0
2026-05-11 11:12:01 CT,long,9,9,-17.55,0.0
2026-05-11 11:24:02 CT,long,10,10,95.5,1.0
2026-05-11 11:36:02 CT,long,10,10,-70.75,0.0
2026-05-11 11:46:02 CT,long,10,10,-169.49999999999997,0.0
2026-05-11 11:52:02 CT,long,8,8,-64.35,0.0
2026-05-11 12:00:02 CT,long,7,7,21.35,1.0
2026-05-11 12:06:02 CT,long,8,8,-71.85,0.0
2026-05-11 12:20:02 CT,long,8,8,274.4,1.0
2026-05-11 12:30:02 CT,long,9,17,170.60000000000002,1.0
2026-05-11 12:34:04 CT,long,3,3,31.650000000000002,1.0
2026-05-11 12:42:02 CT,long,10,10,55.49999999999999,1.0
2026-05-11 12:54:02 CT,long,10,19,-134.54999999999998,0.0
2026-05-11 12:58:02 CT,long,14,23,-82.35000000000002,0.08695652173913043
2026-05-11 13:02:04 CT,long,12,19,-52.05000000000001,0.0
2026-05-11 13:04:04 CT,long,4,4,-12.8,0.0
2026-05-11 13:20:02 CT,long,14,14,-9.799999999999999,0.0
2026-05-11 13:30:02 CT,long,14,14,-38.550000000000004,0.0
2026-05-11 13:36:02 CT,long,14,14,-76.05000000000001,0.0
2026-05-11 13:44:01 CT,long,12,23,-279.8499999999999,0.0
2026-05-11 13:48:00 CT,long,11,11,-131.45,0.0
2026-05-11 14:02:02 CT,long,8,8,-86.85,0.0
2026-05-11 14:08:00 CT,long,8,8,-85.6,0.0
2026-05-11 14:18:02 CT,long,8,8,-33.099999999999994,0.0
2026-05-11 14:24:02 CT,long,8,15,-26.749999999999996,0.5333333333333333
2026-05-11 14:28:03 CT,long,4,4,2.2,1.0
2026-05-11 14:46:02 CT,long,8,8,114.4,1.0
2026-05-11 14:56:00 CT,long,10,19,-234.54999999999995,0.0
2026-05-11 15:00:01 CT,long,9,9,-107.55,0.0
2026-05-11 15:10:02 CT,long,14,24,-496.79999999999995,0.0
2026-05-11 15:14:00 CT,long,10,19,-174.54999999999995,0.0
2026-05-11 15:18:02 CT,long,9,9,-107.55,0.0
2026-05-11 15:26:02 CT,long,14,14,200.20000000000007,1.0
2026-05-11 15:38:02 CT,long,14,14,-27.299999999999997,0.0
2026-05-11 15:50:01 CT,long,14,26,-155.69999999999996,0.0
2026-05-11 15:54:02 CT,long,14,12,-23.4,0.0
2026-05-11 17:58:00 CT,long,3,6,-15.45,0.0
2026-05-11 18:02:03 CT,long,3,3,-5.85,0.0
2026-05-11 18:22:01 CT,long,14,14,25.200000000000003,1.0
2026-05-11 18:30:00 CT,long,12,12,-28.4,0.0
2026-05-11 18:40:04 CT,long,16,16,-31.2,0.0
2026-05-11 18:50:01 CT,long,16,16,-74.94999999999999,0.0
2026-05-11 19:00:00 CT,long,14,14,-272.29999999999995,0.0
2026-05-11 19:08:02 CT,long,14,14,-49.80000000000002,0.0
2026-05-11 19:16:00 CT,long,14,14,-132.3,0.0
2026-05-11 19:26:02 CT,long,13,13,23.400000000000002,1.0
2026-05-11 19:46:02 CT,long,13,13,-30.349999999999998,0.0
2026-05-11 19:56:00 CT,long,13,13,-49.100000000000016,0.0
2026-05-11 20:02:00 CT,long,13,13,-75.35000000000001,0.0
2026-05-11 20:08:02 CT,long,13,13,-39.10000000000001,0.0
2026-05-11 20:32:02 CT,long,13,13,-150.34999999999997,0.0
