scope,bars_bucket,n_trades,net_pnl,win_rate,profit_factor,avg_pnl
FLEET,1,2941,-12458.700000000003,0.18089085345120706,0.19400551833893467,-4.236212172730364
FLEET,2,667,509.3500000000001,0.5397301349325337,1.3387423935091276,0.7636431784107948
FLEET,3,422,1959.5999999999992,0.5924170616113744,3.96168669236001,4.643601895734595
FLEET,4-6,415,4142.0,0.8337349397590361,13.02147728921782,9.980722891566264
FLEET,7-10,154,2538.4500000000007,0.9415584415584416,36.602384291725116,16.483441558441562
FLEET,11+,71,1237.7999999999997,0.647887323943662,4.3567457627118635,17.433802816901405
v3-armor,1,102,-675.1500000000003,0.10784313725490197,0.07348703170028816,-6.619117647058826
v3-armor,2,19,1.700000000000002,0.5263157894736842,1.0399529964747356,0.08947368421052641
v3-armor,3,10,59.25,0.5,7.970588235294118,5.925
v3-armor,4-6,5,40.25,0.6,7.289062499999999,8.05
v3-armor,7-10,3,11.650000000000002,0.6666666666666666,2.6762589928057556,3.883333333333334
v3-armor,11+,5,176.50000000000006,0.4,7.225749559082894,35.30000000000001
v3-canon,1,400,-2073.75,0.135,0.12303886328075443,-5.184375
v3-canon,2,88,217.14999999999998,0.6022727272727273,2.4647554806070824,2.467613636363636
v3-canon,3,61,359.8,0.6721311475409836,7.512217194570136,5.898360655737705
v3-canon,4-6,47,654.5999999999997,0.8936170212765957,32.17142857142856,13.927659574468079
v3-canon,7-10,20,476.0,0.95,69.48920863309353,23.8
v3-canon,11+,7,138.84999999999997,0.7142857142857143,6.809623430962343,19.835714285714282
v3-min2bar,1,163,-937.85,0.26380368098159507,0.20705981822024944,-5.7536809815950924
v3-min2bar,2,107,-288.65,0.40186915887850466,0.477367372804635,-2.697663551401869
v3-min2bar,3,60,41.749999999999986,0.43333333333333335,1.1477614581490003,0.6958333333333331
v3-min2bar,4-6,70,530.9999999999998,0.6285714285714286,4.986486486486486,7.585714285714283
v3-min2bar,7-10,26,474.30000000000007,0.9230769230769231,54.29213483146068,18.242307692307694
v3-min2bar,11+,6,93.29999999999998,0.6666666666666666,5.936507936507937,15.549999999999997
v3-pctile,1,309,-1611.2999999999997,0.12297734627831715,0.09398633641654248,-5.214563106796116
v3-pctile,2,67,156.85000000000002,0.5970149253731343,2.440312213039486,2.3410447761194035
v3-pctile,3,40,292.0,0.7,12.274131274131275,7.3
v3-pctile,4-6,39,416.45000000000005,0.8461538461538461,22.690104166666668,10.67820512820513
v3-pctile,7-10,12,312.85,0.9166666666666666,46.01438848920864,26.070833333333336
v3-pctile,11+,8,184.39999999999998,0.75,8.715481171548117,23.049999999999997
v3-trail,1,398,-1223.6000000000001,0.25879396984924624,0.41461547661762954,-3.0743718592964826
v3-trail,2,62,127.85000000000007,0.5806451612903226,2.2540461010299166,2.0620967741935496
v3-trail,3,39,136.45000000000007,0.5128205128205128,3.621517771373679,3.4987179487179505
v3-trail,4-6,30,410.25000000000006,0.8666666666666667,25.78851963746224,13.675000000000002
v3-trail,7-10,7,22.600000000000005,0.7142857142857143,2.7865612648221343,3.228571428571429
v3-trail,11+,5,50.25,0.6,3.1025104602510463,10.05
v3.1-armor,1,15,-64.25000000000001,0.06666666666666667,0.027252081756245265,-4.283333333333334
v3.1-armor,2,2,-7.6499999999999995,0.5,0.1904761904761905,-3.8249999999999997
v3.1-armor,3,1,-1.95,0.0,0.0,-1.95
v3.1-armor,4-6,1,1.8,1.0,inf,1.8
v3.1-armor,7-10,1,9.3,1.0,inf,9.3
v3.1-canon,1,115,-414.25000000000006,0.14782608695652175,0.10403374067265059,-3.6021739130434787
v3.1-canon,2,25,20.0,0.56,1.4975124378109452,0.8
v3.1-canon,3,18,28.650000000000002,0.5555555555555556,2.311212814645309,1.5916666666666668
v3.1-canon,4-6,17,104.35000000000001,0.9411764705882353,24.44943820224719,6.1382352941176475
v3.1-canon,7-10,5,69.0,1.0,inf,13.8
v3.1-canon,11+,1,53.05,1.0,inf,53.05
v3.1-min2bar,1,79,-326.5499999999999,0.17721518987341772,0.10656634746922027,-4.133544303797467
v3.1-min2bar,2,29,9.700000000000006,0.5517241379310345,1.16072908036454,0.3344827586206899
v3.1-min2bar,3,20,4.750000000000001,0.4,1.1477449455676518,0.23750000000000004
v3.1-min2bar,4-6,26,95.55000000000001,0.8076923076923077,4.506422018348624,3.6750000000000003
v3.1-min2bar,7-10,7,85.1,1.0,inf,12.157142857142857
v3.1-min2bar,11+,2,66.1,1.0,inf,33.05
v3.1-pctile,1,112,-405.90000000000003,0.14285714285714285,0.1048627191531591,-3.624107142857143
v3.1-pctile,2,24,25.700000000000003,0.5833333333333334,1.7449275362318841,1.0708333333333335
v3.1-pctile,3,14,30.200000000000006,0.5714285714285714,3.1267605633802824,2.1571428571428575
v3.1-pctile,4-6,18,106.15,0.9444444444444444,24.85393258426966,5.897222222222222
v3.1-pctile,7-10,3,57.900000000000006,1.0,inf,19.3
v3.1-pctile,11+,2,66.1,1.0,inf,33.05
v3.1-trail,1,133,-236.8499999999999,0.3157894736842105,0.4459001052754709,-1.7808270676691722
v3.1-trail,2,17,33.1,0.5294117647058824,2.359342915811088,1.947058823529412
v3.1-trail,3,13,-9.1,0.38461538461538464,0.6761565836298934,-0.7
v3.1-trail,4-6,15,53.25,0.9333333333333333,12.966292134831457,3.55
v3.1-trail,7-10,2,18.6,1.0,inf,9.3
v3.1-trail,11+,3,51.65,0.3333333333333333,14.243589743589743,17.216666666666665
v4-loose-shorts,1,180,-738.5,0.15555555555555556,0.14639079928336124,-4.102777777777778
v4-loose-shorts,2,37,46.599999999999994,0.5675675675675675,1.8291814946619216,1.2594594594594593
v4-loose-shorts,3,22,152.10000000000002,0.7272727272727273,11.711267605633804,6.913636363636365
v4-loose-shorts,4-6,24,224.45000000000005,0.9583333333333334,51.438202247191015,9.352083333333335
v4-loose-shorts,7-10,9,161.2,1.0,inf,17.91111111111111
v4-loose-shorts,11+,3,44.15,0.6666666666666666,4.694560669456067,14.716666666666667
v4-overnight-bias,1,197,-767.9000000000001,0.18274111675126903,0.20851370851370846,-3.897969543147209
v4-overnight-bias,2,38,57.14999999999999,0.5789473684210527,2.0896091515729265,1.5039473684210525
v4-overnight-bias,3,25,193.75,0.72,11.3887399463807,7.75
v4-overnight-bias,4-6,22,304.6,0.9545454545454546,69.44943820224721,13.845454545454546
v4-overnight-bias,7-10,13,192.15000000000003,1.0,inf,14.780769230769234
v4-overnight-bias,11+,6,153.3,0.8333333333333334,13.828451882845188,25.55
v4-trend-flip,1,170,-726.5,0.17058823529411765,0.1755560599182932,-4.273529411764706
v4-trend-flip,2,39,-46.05,0.4358974358974359,0.6175249169435215,-1.1807692307692308
v4-trend-flip,3,29,178.45000000000007,0.5862068965517241,4.784729586426299,6.153448275862072
v4-trend-flip,4-6,32,315.1,0.6875,5.616849816849816,9.846875
v4-trend-flip,7-10,12,99.1,0.8333333333333334,4.429065743944637,8.258333333333333
v4-trend-flip,11+,7,-78.64999999999999,0.42857142857142855,0.4767132401862941,-11.235714285714284
v4-trend-gate,1,162,-640.9,0.1728395061728395,0.1875,-3.9561728395061726
v4-trend-gate,2,31,49.54999999999998,0.5483870967741935,2.5340557275541786,1.598387096774193
v4-trend-gate,3,19,116.7,0.631578947368421,7.257372654155498,6.1421052631578945
v4-trend-gate,4-6,22,272.1,0.8636363636363636,18.167192429022084,12.368181818181819
v4-trend-gate,7-10,11,181.05,1.0,inf,16.45909090909091
v4-trend-gate,11+,5,55.25,0.6,3.3117154811715483,11.05
v4-vol-regime,1,204,-815.3,0.18137254901960784,0.19923390463094826,-3.99656862745098
v4-vol-regime,2,40,55.75,0.575,1.9797891036906856,1.39375
v4-vol-regime,3,25,193.75,0.72,11.3887399463807,7.75
v4-vol-regime,4-6,22,303.3500000000001,0.9545454545454546,69.16853932584272,13.788636363636368
v4-vol-regime,7-10,12,186.60000000000002,1.0,inf,15.550000000000002
v4-vol-regime,11+,6,98.3,0.6666666666666666,5.112970711297072,16.383333333333333
v5-mtf-anchor,1,202,-800.1500000000001,0.17326732673267325,0.211208596214511,-3.9611386138613867
v5-mtf-anchor,2,42,50.599999999999994,0.5714285714285714,1.808306709265176,1.2047619047619047
v5-mtf-anchor,3,26,183.05000000000004,0.6923076923076923,9.377574370709382,7.040384615384617
v5-mtf-anchor,4-6,25,308.75000000000006,0.92,31.418719211822662,12.350000000000001
v5-mtf-anchor,7-10,11,181.05,1.0,inf,16.45909090909091
v5-mtf-anchor,11+,5,85.25,0.6,4.566945606694561,17.05
