strategy_id,hour_ct,n_trades,net_pnl,win_rate,gross_win,gross_loss
v3-armor,0,5,-12.25,0.2,0.55,12.8
v3-armor,1,1,4.3,1.0,4.3,0.0
v3-armor,2,5,-7.250000000000002,0.2,5.55,12.8
v3-armor,3,5,201.5,0.8,212.20000000000002,10.7
v3-armor,5,1,-9.45,0.0,0.0,9.45
v3-armor,6,1,-5.7,0.0,0.0,5.7
v3-armor,7,8,-36.849999999999994,0.125,24.3,61.14999999999999
v3-armor,8,8,-39.349999999999994,0.125,21.8,61.14999999999999
v3-armor,9,4,-9.75,0.25,5.55,15.299999999999999
v3-armor,10,5,-34.75,0.2,19.3,54.05
v3-armor,11,9,-112.55,0.1111111111111111,30.55,143.09999999999997
v3-armor,12,10,-98.25,0.1,16.8,115.05
v3-armor,13,1,23.05,1.0,23.05,0.0
v3-armor,14,9,-41.3,0.2222222222222222,9.850000000000001,51.14999999999999
v3-armor,15,9,-52.55,0.1111111111111111,4.3,56.849999999999994
v3-armor,17,8,-38.8,0.0,0.0,38.8
v3-armor,18,9,-13.8,0.3333333333333333,2.9000000000000004,16.7
v3-armor,19,6,-36.699999999999996,0.16666666666666666,1.8,38.5
v3-armor,20,4,-5.300000000000001,0.25,15.55,20.85
v3-armor,21,5,-17.25,0.4,2.35,19.599999999999998
v3-armor,22,13,17.15,0.5384615384615384,30.1,12.950000000000001
v3-armor,23,20,-62.750000000000014,0.1,4.85,67.60000000000001
v3-canon,0,36,-25.199999999999996,0.2777777777777778,65.5,90.70000000000002
v3-canon,1,32,5.100000000000003,0.46875,95.75000000000001,90.65
v3-canon,2,37,102.84999999999998,0.40540540540540543,184.5,81.65000000000002
v3-canon,3,37,115.35,0.43243243243243246,215.05,99.7
v3-canon,4,31,37.04999999999998,0.45161290322580644,132.7,95.65
v3-canon,5,32,66.35000000000002,0.4375,133.95,67.6
v3-canon,6,32,-78.64999999999998,0.25,65.65,144.29999999999998
v3-canon,7,34,36.20000000000002,0.2647058823529412,237.45,201.25
v3-canon,8,25,-56.250000000000014,0.24,119.55,175.8
v3-canon,9,31,103.29999999999998,0.5161290322580645,290.05,186.74999999999994
v3-canon,10,36,-28.39999999999999,0.3611111111111111,144.65000000000003,173.04999999999995
v3-canon,11,29,-162.79999999999995,0.2413793103448276,66.35000000000001,229.14999999999995
v3-canon,12,31,-27.949999999999985,0.3870967741935484,136.60000000000002,164.54999999999995
v3-canon,13,34,-127.55,0.20588235294117646,115.10000000000001,242.64999999999998
v3-canon,14,32,-86.14999999999998,0.28125,57.45000000000001,143.6
v3-canon,15,22,-122.9,0.18181818181818182,24.700000000000003,147.59999999999997
v3-canon,17,9,14.25,0.1111111111111111,53.05,38.8
v3-canon,18,11,37.29999999999998,0.45454545454545453,53.99999999999999,16.7
v3-canon,19,15,-51.750000000000014,0.26666666666666666,15.950000000000003,67.7
v3-canon,20,10,11.750000000000004,0.4,50.95,39.2
v3-canon,21,12,-8.4,0.3333333333333333,10.95,19.349999999999998
v3-canon,22,19,24.200000000000003,0.5263157894736842,46.75,22.549999999999997
v3-canon,23,39,-8.549999999999997,0.28205128205128205,76.05,84.60000000000002
v3-min2bar,0,21,-4.7,0.2857142857142857,43.300000000000004,48.000000000000014
v3-min2bar,1,23,-1.0999999999999872,0.5652173913043478,80.89999999999999,82.0
v3-min2bar,2,30,36.499999999999986,0.4,114.1,77.60000000000001
v3-min2bar,3,28,194.1500000000001,0.5357142857142857,263.25,69.10000000000001
v3-min2bar,4,18,48.64999999999999,0.6111111111111112,91.05,42.39999999999999
v3-min2bar,5,18,77.4,0.5555555555555556,114.25,36.849999999999994
v3-min2bar,6,21,-57.2,0.38095238095238093,48.14999999999999,105.35
v3-min2bar,7,21,-39.7,0.3333333333333333,141.35000000000002,181.04999999999995
v3-min2bar,8,16,71.3,0.375,157.04999999999998,85.75
v3-min2bar,9,22,92.09999999999998,0.5909090909090909,210.89999999999998,118.80000000000001
v3-min2bar,10,30,-69.20000000000002,0.5,158.25,227.44999999999993
v3-min2bar,11,16,-179.95000000000002,0.25,47.2,227.15
v3-min2bar,12,17,-100.65000000000003,0.35294117647058826,113.29999999999998,213.95000000000002
v3-min2bar,13,20,-96.5,0.3,79.55000000000001,176.04999999999998
v3-min2bar,14,22,2.1000000000000085,0.45454545454545453,94.25,92.15
v3-min2bar,15,15,-79.25000000000001,0.26666666666666666,25.950000000000003,105.20000000000002
v3-min2bar,17,6,17.599999999999994,0.16666666666666666,53.05,35.45
v3-min2bar,18,10,39.249999999999986,0.6,60.79999999999999,21.549999999999997
v3-min2bar,19,15,-68.0,0.26666666666666666,15.950000000000003,83.95000000000002
v3-min2bar,20,9,16.200000000000006,0.4444444444444444,55.95,39.75
v3-min2bar,21,10,-23.249999999999996,0.3,9.15,32.4
v3-min2bar,22,16,25.050000000000004,0.625,45.50000000000001,20.450000000000003
v3-min2bar,23,30,10.249999999999995,0.3333333333333333,69.25,59.000000000000014
v3-pctile,0,24,-14.299999999999997,0.20833333333333334,47.75,62.05
v3-pctile,1,26,-1.9500000000000028,0.5,67.14999999999999,69.10000000000001
v3-pctile,2,31,48.299999999999976,0.3870967741935484,114.1,65.80000000000001
v3-pctile,3,31,118.30000000000003,0.45161290322580644,210.2,91.9
v3-pctile,4,27,24.850000000000005,0.4074074074074074,117.29999999999998,92.45
v3-pctile,5,23,81.39999999999999,0.4782608695652174,128.55000000000004,47.150000000000006
v3-pctile,6,24,-84.30000000000001,0.20833333333333334,30.25,114.55000000000001
v3-pctile,7,27,91.09999999999998,0.3333333333333333,232.45,141.35
v3-pctile,8,14,10.200000000000003,0.21428571428571427,67.9,57.7
v3-pctile,10,20,35.300000000000004,0.5,111.75,76.45
v3-pctile,11,22,-166.64999999999992,0.18181818181818182,40.95,207.59999999999994
v3-pctile,12,24,-34.29999999999999,0.375,123.69999999999999,158.0
v3-pctile,13,28,-150.84999999999997,0.14285714285714285,67.2,218.04999999999995
v3-pctile,14,28,-75.85000000000001,0.2857142857142857,55.64999999999999,131.5
v3-pctile,15,21,-117.2,0.19047619047619047,24.700000000000003,141.89999999999995
v3-pctile,17,10,11.05,0.1,53.05,42.0
v3-pctile,18,10,40.499999999999986,0.5,53.99999999999999,13.5
v3-pctile,19,14,-48.55000000000001,0.2857142857142857,15.950000000000003,64.50000000000001
v3-pctile,20,10,11.750000000000004,0.4,50.95,39.2
v3-pctile,21,13,-17.849999999999994,0.3076923076923077,10.95,28.799999999999997
v3-pctile,22,18,3.649999999999997,0.4444444444444444,29.400000000000002,25.750000000000004
v3-pctile,23,32,-16.15,0.25,60.650000000000006,76.80000000000001
v3-trail,0,30,-22.25,0.3333333333333333,50.5,72.75000000000001
v3-trail,1,26,75.55,0.6923076923076923,112.4,36.85
v3-trail,2,32,41.35000000000001,0.375,111.60000000000001,70.25
v3-trail,3,32,73.85,0.46875,159.5,85.65
v3-trail,4,28,-18.349999999999987,0.39285714285714285,84.79999999999998,103.15
v3-trail,5,27,28.600000000000005,0.4074074074074074,96.05,67.45
v3-trail,6,26,-84.45000000000002,0.23076923076923078,38.3,122.75
v3-trail,7,28,-123.35,0.2857142857142857,61.89999999999999,185.24999999999997
v3-trail,8,21,-39.699999999999996,0.23809523809523808,96.5,136.2
v3-trail,9,23,107.64999999999998,0.5652173913043478,203.40000000000003,95.75000000000001
v3-trail,10,31,55.099999999999994,0.45161290322580644,216.45000000000005,161.34999999999994
v3-trail,11,23,-143.6,0.21739130434782608,64.0,207.59999999999994
v3-trail,12,24,-61.79999999999998,0.375,96.2,158.0
v3-trail,13,28,-145.84999999999997,0.21428571428571427,70.80000000000001,216.64999999999995
v3-trail,14,30,-97.25000000000001,0.26666666666666666,43.14999999999999,140.4
v3-trail,15,22,-106.65,0.2727272727272727,33.300000000000004,139.94999999999996
v3-trail,17,9,16.75,0.1111111111111111,55.55,38.8
v3-trail,18,11,32.29999999999998,0.45454545454545453,48.99999999999999,16.7
v3-trail,19,15,-43.0,0.26666666666666666,24.700000000000003,67.7
v3-trail,20,10,14.250000000000004,0.4,53.45,39.2
v3-trail,21,13,-15.349999999999994,0.38461538461538464,12.75,28.099999999999998
v3-trail,22,20,18.500000000000007,0.45,47.45,28.95
v3-trail,23,34,-41.30000000000001,0.23529411764705882,39.4,80.7
v3.1-armor,18,4,-6.55,0.25,1.8,8.35
v3.1-armor,19,6,-34.199999999999996,0.16666666666666666,1.8,36.0
v3.1-armor,20,3,-17.1,0.0,0.0,17.1
v3.1-armor,22,2,11.100000000000001,1.0,11.100000000000001,0.0
v3.1-armor,23,5,-16.0,0.0,0.0,16.0
v3.1-canon,0,17,-14.399999999999999,0.29411764705882354,27.75,42.150000000000006
v3.1-canon,1,13,-0.34999999999999787,0.5384615384615384,36.35,36.699999999999996
v3.1-canon,2,15,-17.999999999999996,0.4,18.3,36.3
v3.1-canon,3,21,-3.449999999999997,0.42857142857142855,42.449999999999996,45.900000000000006
v3.1-canon,4,12,45.349999999999994,0.5833333333333334,67.6,22.25
v3.1-canon,5,14,-28.549999999999997,0.2857142857142857,5.949999999999999,34.5
v3.1-canon,10,3,-10.85,0.0,0.0,10.85
v3.1-canon,11,1,-0.7,0.0,0.0,0.7
v3.1-canon,13,13,-77.85000000000001,0.0,0.0,77.85000000000001
v3.1-canon,14,2,3.6,1.0,3.6,0.0
v3.1-canon,15,11,-42.7,0.2727272727272727,20.400000000000002,63.10000000000001
v3.1-canon,17,1,53.05,1.0,53.05,0.0
v3.1-canon,18,4,-6.55,0.25,1.8,8.35
v3.1-canon,19,10,-31.999999999999993,0.3,14.150000000000002,46.150000000000006
v3.1-canon,20,6,-29.199999999999996,0.16666666666666666,3.05,32.25
v3.1-canon,21,8,-0.6000000000000005,0.25,8.6,9.2
v3.1-canon,22,11,27.300000000000004,0.6363636363636364,40.1,12.8
v3.1-canon,23,19,-3.2999999999999963,0.2631578947368421,46.5,49.800000000000004
v3.1-min2bar,0,15,-10.500000000000002,0.3333333333333333,22.75,33.25
v3.1-min2bar,1,13,-0.34999999999999787,0.5384615384615384,36.35,36.699999999999996
v3.1-min2bar,2,15,-19.249999999999996,0.4,18.3,37.550000000000004
v3.1-min2bar,3,19,5.45,0.47368421052631576,42.45,37.00000000000001
v3.1-min2bar,4,11,58.55,0.7272727272727273,74.4,15.85
v3.1-min2bar,5,12,-17.149999999999995,0.3333333333333333,17.200000000000003,34.349999999999994
v3.1-min2bar,10,3,-10.85,0.0,0.0,10.85
v3.1-min2bar,11,1,-0.7,0.0,0.0,0.7
v3.1-min2bar,13,10,-74.5,0.1,1.8,76.3
v3.1-min2bar,14,2,3.6,1.0,3.6,0.0
v3.1-min2bar,15,10,-42.0,0.3,20.400000000000002,62.400000000000006
v3.1-min2bar,17,1,53.05,1.0,53.05,0.0
v3.1-min2bar,18,4,-6.55,0.25,1.8,8.35
v3.1-min2bar,19,10,-38.24999999999999,0.3,14.150000000000002,52.400000000000006
v3.1-min2bar,20,6,-17.949999999999996,0.3333333333333333,11.100000000000001,29.049999999999997
v3.1-min2bar,21,5,1.4999999999999993,0.2,6.8,5.3
v3.1-min2bar,22,10,25.500000000000004,0.8,40.65,15.149999999999999
v3.1-min2bar,23,16,25.050000000000004,0.4375,55.1,30.050000000000004
v3.1-pctile,0,13,-14.099999999999998,0.23076923076923078,19.150000000000002,33.25
v3.1-pctile,1,13,-0.34999999999999787,0.5384615384615384,36.35,36.699999999999996
v3.1-pctile,2,15,-17.999999999999996,0.4,18.3,36.3
v3.1-pctile,3,20,-1.4999999999999971,0.45,42.449999999999996,43.95
v3.1-pctile,4,12,45.349999999999994,0.5833333333333334,67.6,22.25
v3.1-pctile,5,12,-12.149999999999995,0.25,17.900000000000002,30.049999999999997
v3.1-pctile,10,2,-6.4,0.0,0.0,6.4
v3.1-pctile,11,1,-0.7,0.0,0.0,0.7
v3.1-pctile,13,13,-77.85000000000001,0.0,0.0,77.85000000000001
v3.1-pctile,14,2,3.6,1.0,3.6,0.0
v3.1-pctile,15,10,-37.0,0.3,20.400000000000002,57.400000000000006
v3.1-pctile,17,2,49.849999999999994,0.5,53.05,3.2
v3.1-pctile,18,4,-6.55,0.25,1.8,8.35
v3.1-pctile,19,10,-31.999999999999993,0.3,14.150000000000002,46.150000000000006
v3.1-pctile,20,6,-29.199999999999996,0.16666666666666666,3.05,32.25
v3.1-pctile,21,8,-0.6000000000000005,0.25,8.6,9.2
v3.1-pctile,22,11,21.050000000000004,0.6363636363636364,33.85,12.8
v3.1-pctile,23,19,-3.2999999999999963,0.2631578947368421,46.5,49.800000000000004
v3.1-trail,0,17,-26.900000000000002,0.29411764705882354,15.25,42.150000000000006
v3.1-trail,1,13,45.9,0.8461538461538461,52.3,6.4
v3.1-trail,2,15,-12.999999999999996,0.4,23.3,36.3
v3.1-trail,3,21,17.8,0.47619047619047616,55.5,37.7
v3.1-trail,4,12,12.850000000000005,0.5833333333333334,35.1,22.25
v3.1-trail,5,15,-17.999999999999996,0.26666666666666666,19.7,37.7
v3.1-trail,10,3,-2.0999999999999996,0.3333333333333333,8.05,10.15
v3.1-trail,11,1,-0.7,0.0,0.0,0.7
v3.1-trail,13,13,-72.85000000000001,0.15384615384615385,3.6,76.45
v3.1-trail,14,2,3.6,1.0,3.6,0.0
v3.1-trail,15,11,-31.449999999999996,0.36363636363636365,25.950000000000003,57.400000000000006
v3.1-trail,17,1,55.55,1.0,55.55,0.0
v3.1-trail,18,4,-6.55,0.25,1.8,8.35
v3.1-trail,19,10,-23.249999999999993,0.3,22.900000000000002,46.150000000000006
v3.1-trail,20,6,-29.199999999999996,0.16666666666666666,3.05,32.25
v3.1-trail,21,8,1.8999999999999995,0.375,10.4,8.5
v3.1-trail,22,12,22.85000000000001,0.5833333333333334,38.85000000000001,16.0
v3.1-trail,23,19,-25.799999999999994,0.2631578947368421,24.000000000000004,49.800000000000004
v4-loose-shorts,0,13,-14.099999999999998,0.23076923076923078,19.150000000000002,33.25
v4-loose-shorts,1,13,-0.34999999999999787,0.5384615384615384,36.35,36.699999999999996
v4-loose-shorts,2,21,-17.2,0.38095238095238093,29.4,46.60000000000001
v4-loose-shorts,3,21,17.800000000000004,0.42857142857142855,68.7,50.900000000000006
v4-loose-shorts,4,12,55.349999999999994,0.6666666666666666,73.15,17.799999999999997
v4-loose-shorts,5,12,-12.149999999999995,0.25,17.900000000000002,30.049999999999997
v4-loose-shorts,6,9,-11.299999999999995,0.4444444444444444,23.450000000000003,34.75
v4-loose-shorts,7,12,56.59999999999998,0.4166666666666667,125.24999999999999,68.64999999999999
v4-loose-shorts,8,5,35.25,0.2,49.3,14.05
v4-loose-shorts,10,12,51.599999999999994,0.6666666666666666,66.89999999999999,15.3
v4-loose-shorts,11,13,-54.099999999999994,0.23076923076923078,10.4,64.5
v4-loose-shorts,12,14,20.199999999999996,0.5,66.35,46.150000000000006
v4-loose-shorts,13,21,-105.95,0.09523809523809523,33.6,139.55
v4-loose-shorts,14,19,-34.55,0.3157894736842105,45.800000000000004,80.35000000000001
v4-loose-shorts,15,12,-64.65,0.25,20.4,85.05000000000001
v4-loose-shorts,17,1,-3.2,0.0,0.0,3.2
v4-loose-shorts,18,4,-6.55,0.25,1.8,8.35
v4-loose-shorts,19,11,-38.95,0.2727272727272727,14.150000000000002,53.1
v4-loose-shorts,20,10,11.750000000000004,0.4,50.95,39.2
v4-loose-shorts,21,9,-10.049999999999999,0.2222222222222222,8.6,18.65
v4-loose-shorts,22,12,17.850000000000005,0.5833333333333334,33.85,16.0
v4-loose-shorts,23,19,-3.2999999999999963,0.2631578947368421,46.5,49.800000000000004
v4-overnight-bias,0,17,-14.399999999999999,0.29411764705882354,27.75,42.150000000000006
v4-overnight-bias,1,13,12.150000000000002,0.5384615384615384,48.849999999999994,36.699999999999996
v4-overnight-bias,2,21,-17.2,0.38095238095238093,29.4,46.60000000000001
v4-overnight-bias,3,22,15.850000000000005,0.4090909090909091,68.7,52.85000000000001
v4-overnight-bias,4,12,65.35,0.75,78.69999999999999,13.35
v4-overnight-bias,5,13,-7.849999999999997,0.23076923076923078,26.650000000000002,34.5
v4-overnight-bias,6,9,-11.299999999999995,0.4444444444444444,23.450000000000003,34.75
v4-overnight-bias,7,12,121.6,0.5,168.3,46.699999999999996
v4-overnight-bias,8,8,81.89999999999999,0.375,115.39999999999999,33.5
v4-overnight-bias,9,16,63.80000000000001,0.625,134.25,70.45
v4-overnight-bias,10,20,32.25,0.5,98.0,65.75
v4-overnight-bias,11,13,-54.099999999999994,0.23076923076923078,10.4,64.5
v4-overnight-bias,12,14,20.199999999999996,0.5,66.35,46.150000000000006
v4-overnight-bias,13,21,-105.95,0.09523809523809523,33.6,139.55
v4-overnight-bias,14,19,-34.55,0.3157894736842105,45.800000000000004,80.35000000000001
v4-overnight-bias,15,13,-70.35000000000001,0.23076923076923078,20.4,90.75000000000001
v4-overnight-bias,17,1,53.05,1.0,53.05,0.0
v4-overnight-bias,18,4,-6.55,0.25,1.8,8.35
v4-overnight-bias,19,8,-35.599999999999994,0.25,12.350000000000001,47.949999999999996
v4-overnight-bias,20,6,17.050000000000004,0.5,35.4,18.349999999999998
v4-overnight-bias,21,9,-10.049999999999999,0.2222222222222222,8.6,18.65
v4-overnight-bias,22,11,21.050000000000004,0.5454545454545454,37.050000000000004,16.0
v4-overnight-bias,23,19,-3.2999999999999963,0.2631578947368421,46.5,49.800000000000004
v4-trend-flip,0,17,-14.399999999999999,0.29411764705882354,27.75,42.150000000000006
v4-trend-flip,1,13,-29.099999999999994,0.38461538461538464,27.750000000000004,56.849999999999994
v4-trend-flip,2,21,-17.2,0.38095238095238093,29.4,46.60000000000001
v4-trend-flip,3,22,15.850000000000005,0.4090909090909091,68.7,52.85000000000001
v4-trend-flip,4,12,25.350000000000005,0.5833333333333334,67.6,42.25
v4-trend-flip,5,12,-5.899999999999996,0.25,25.400000000000002,31.299999999999997
v4-trend-flip,6,10,-18.249999999999993,0.4,28.450000000000003,46.7
v4-trend-flip,7,11,-83.95000000000003,0.2727272727272727,94.14999999999999,178.1
v4-trend-flip,8,7,81.35,0.42857142857142855,115.39999999999999,34.05
v4-trend-flip,9,18,52.400000000000006,0.5555555555555556,134.25,81.85000000000001
v4-trend-flip,10,18,-103.85,0.2222222222222222,52.2,156.04999999999998
v4-trend-flip,11,13,-36.599999999999994,0.3076923076923077,19.700000000000003,56.3
v4-trend-flip,12,11,-17.7,0.36363636363636365,37.2,54.900000000000006
v4-trend-flip,13,20,-57.75,0.15,37.9,95.65
v4-trend-flip,14,13,-52.849999999999994,0.23076923076923078,14.149999999999999,67.0
v4-trend-flip,15,13,-70.35000000000001,0.23076923076923078,20.4,90.75000000000001
v4-trend-flip,17,1,53.05,1.0,53.05,0.0
v4-trend-flip,18,3,-13.350000000000001,0.0,0.0,13.350000000000001
v4-trend-flip,19,9,16.200000000000006,0.4444444444444444,37.2,20.999999999999996
v4-trend-flip,20,7,17.599999999999994,0.42857142857142855,59.15,41.55
v4-trend-flip,21,9,-10.049999999999999,0.2222222222222222,8.6,18.65
v4-trend-flip,22,12,4.100000000000002,0.5,32.05,27.95
v4-trend-flip,23,17,6.8500000000000005,0.23529411764705882,47.199999999999996,40.35
v4-trend-gate,0,17,-14.399999999999999,0.29411764705882354,27.75,42.150000000000006
v4-trend-gate,1,11,-8.95,0.45454545454545453,27.750000000000004,36.699999999999996
v4-trend-gate,2,21,-17.2,0.38095238095238093,29.4,46.60000000000001
v4-trend-gate,3,22,15.850000000000005,0.4090909090909091,68.7,52.85000000000001
v4-trend-gate,4,10,54.25,0.7,67.60000000000001,13.35
v4-trend-gate,5,8,1.9000000000000021,0.25,26.1,24.2
v4-trend-gate,6,9,-23.799999999999994,0.3333333333333333,22.900000000000002,46.699999999999996
v4-trend-gate,7,7,38.84999999999998,0.42857142857142855,74.14999999999999,35.3
v4-trend-gate,8,6,87.04999999999998,0.5,115.39999999999999,28.349999999999998
v4-trend-gate,9,18,52.400000000000006,0.5555555555555556,134.25,81.85000000000001
v4-trend-gate,10,16,-7.449999999999989,0.375,58.3,65.75
v4-trend-gate,11,12,-45.89999999999999,0.25,10.4,56.3
v4-trend-gate,12,10,-21.999999999999996,0.4,17.200000000000003,39.2
v4-trend-gate,13,17,-53.14999999999999,0.11764705882352941,33.6,86.75
v4-trend-gate,14,5,4.0000000000000036,0.4,26.1,22.1
v4-trend-gate,15,13,-70.35000000000001,0.23076923076923078,20.4,90.75000000000001
v4-trend-gate,17,1,53.05,1.0,53.05,0.0
v4-trend-gate,18,3,-8.35,0.0,0.0,8.35
v4-trend-gate,19,4,2.200000000000002,0.5,12.350000000000001,10.149999999999999
v4-trend-gate,20,4,-15.299999999999997,0.25,3.05,18.349999999999998
v4-trend-gate,21,9,-10.049999999999999,0.2222222222222222,8.6,18.65
v4-trend-gate,22,12,12.850000000000005,0.5,32.05,19.2
v4-trend-gate,23,15,8.25,0.2,44.15,35.900000000000006
v4-vol-regime,0,17,-14.399999999999999,0.29411764705882354,27.75,42.150000000000006
v4-vol-regime,1,13,12.150000000000002,0.5384615384615384,48.849999999999994,36.699999999999996
v4-vol-regime,2,21,-17.2,0.38095238095238093,29.4,46.60000000000001
v4-vol-regime,3,22,15.850000000000005,0.4090909090909091,68.7,52.85000000000001
v4-vol-regime,4,12,55.349999999999994,0.6666666666666666,73.15,17.799999999999997
v4-vol-regime,5,13,-7.849999999999997,0.23076923076923078,26.650000000000002,34.5
v4-vol-regime,6,10,-23.249999999999993,0.4,23.450000000000003,46.7
v4-vol-regime,7,12,54.09999999999998,0.4166666666666667,122.74999999999999,68.64999999999999
v4-vol-regime,8,8,81.89999999999999,0.375,115.39999999999999,33.5
v4-vol-regime,9,16,63.80000000000001,0.625,134.25,70.45
v4-vol-regime,10,20,32.25,0.5,98.0,65.75
v4-vol-regime,11,13,-54.099999999999994,0.23076923076923078,10.4,64.5
v4-vol-regime,12,14,20.199999999999996,0.5,66.35,46.150000000000006
v4-vol-regime,13,21,-105.95,0.09523809523809523,33.6,139.55
v4-vol-regime,14,19,-34.55,0.3157894736842105,45.800000000000004,80.35000000000001
v4-vol-regime,15,13,-70.35000000000001,0.23076923076923078,20.4,90.75000000000001
v4-vol-regime,17,1,53.05,1.0,53.05,0.0
v4-vol-regime,18,4,-6.55,0.25,1.8,8.35
v4-vol-regime,19,11,-38.95,0.2727272727272727,14.150000000000002,53.1
v4-vol-regime,20,9,-3.799999999999997,0.3333333333333333,35.4,39.2
v4-vol-regime,21,9,-10.049999999999999,0.2222222222222222,8.6,18.65
v4-vol-regime,22,12,24.100000000000005,0.5833333333333334,40.099999999999994,16.0
v4-vol-regime,23,19,-3.2999999999999963,0.2631578947368421,46.5,49.800000000000004
v5-mtf-anchor,0,17,-14.399999999999999,0.29411764705882354,27.75,42.150000000000006
v5-mtf-anchor,1,13,12.150000000000002,0.5384615384615384,48.849999999999994,36.699999999999996
v5-mtf-anchor,2,21,-17.2,0.38095238095238093,29.4,46.60000000000001
v5-mtf-anchor,3,22,15.850000000000005,0.4090909090909091,68.7,52.85000000000001
v5-mtf-anchor,4,12,45.349999999999994,0.5833333333333334,67.6,22.25
v5-mtf-anchor,5,14,-21.049999999999994,0.21428571428571427,14.150000000000002,35.2
v5-mtf-anchor,6,10,-23.249999999999993,0.4,23.450000000000003,46.7
v5-mtf-anchor,7,12,56.59999999999998,0.4166666666666667,125.24999999999999,68.64999999999999
v5-mtf-anchor,8,8,81.89999999999999,0.375,115.39999999999999,33.5
v5-mtf-anchor,9,17,58.10000000000001,0.5882352941176471,134.25,76.15
v5-mtf-anchor,10,20,32.25,0.5,98.0,65.75
v5-mtf-anchor,11,13,-54.099999999999994,0.23076923076923078,10.4,64.5
v5-mtf-anchor,12,14,20.199999999999996,0.5,66.35,46.150000000000006
v5-mtf-anchor,13,21,-105.95,0.09523809523809523,33.6,139.55
v5-mtf-anchor,14,19,-34.55,0.3157894736842105,45.800000000000004,80.35000000000001
v5-mtf-anchor,15,13,-70.35000000000001,0.23076923076923078,20.4,90.75000000000001
v5-mtf-anchor,17,1,53.05,1.0,53.05,0.0
v5-mtf-anchor,18,4,-6.55,0.25,1.8,8.35
v5-mtf-anchor,19,11,-38.95,0.2727272727272727,14.150000000000002,53.1
v5-mtf-anchor,20,10,11.750000000000004,0.4,50.95,39.2
v5-mtf-anchor,21,9,-10.049999999999999,0.2222222222222222,8.6,18.65
v5-mtf-anchor,22,11,21.050000000000004,0.5454545454545454,37.050000000000004,16.0
v5-mtf-anchor,23,19,-3.2999999999999963,0.2631578947368421,46.5,49.800000000000004
